pop,Geno_Code,SL-blue,SE
1,Z001E0001,13.91,1.439
1,Z001E0002,9.924,1.439
1,Z001E0003,13.3,1.439
1,Z001E0004,11.05,1.439
1,Z001E0005,10.73,1.439
1,Z001E0006,11.01,1.439
1,Z001E0007,6.186,1.439
1,Z001E0008,8.172,1.439
1,Z001E0009,9.654,1.439
1,Z001E0010,9.401,1.439
1,Z001E0011,8.401,1.674
1,Z001E0012,9.622,1.439
1,Z001E0013,10.13,1.439
1,Z001E0014,8.348,1.439
1,Z001E0015,10.33,1.439
1,Z001E0016,9.051,1.439
1,Z001E0017,10.95,1.439
1,Z001E0018,9.375,1.439
1,Z001E0019,7.212,1.469
1,Z001E0020,8.479,1.439
1,Z001E0021,9.208,1.439
1,Z001E0022,9.194,1.439
1,Z001E0023,8.939,1.469
1,Z001E0024,11.04,1.439
1,Z001E0025,9.57,1.469
1,Z001E0027,12.48,1.439
1,Z001E0028,10.29,1.439
1,Z001E0029,12.69,1.439
1,Z001E0030,12.58,1.439
1,Z001E0031,8.831,1.439
1,Z001E0032,7.114,1.439
1,Z001E0033,9.452,1.469
1,Z001E0034,8.672,1.469
1,Z001E0036,10.79,1.439
1,Z001E0037,12.43,1.439
1,Z001E0038,12.06,1.439
1,Z001E0039,7.328,1.439
1,Z001E0040,5.746,1.439
1,Z001E0041,11.29,1.439
1,Z001E0042,7.051,1.439
1,Z001E0043,6.928,1.439
1,Z001E0044,6.555,1.439
1,Z001E0045,8.907,1.439
1,Z001E0046,10.64,1.439
1,Z001E0047,8.045,1.439
1,Z001E0048,11.1,1.439
1,Z001E0049,8.256,1.469
1,Z001E0050,6.227,1.439
1,Z001E0051,9.27,1.439
1,Z001E0052,8.179,1.439
1,Z001E0053,7.909,1.648
1,Z001E0054,9.989,1.439
1,Z001E0055,8.571,1.439
1,Z001E0056,8.979,1.439
1,Z001E0057,9.221,1.439
1,Z001E0058,8.894,1.439
1,Z001E0059,7.948,1.439
1,Z001E0060,8.128,1.439
1,Z001E0061,9.257,1.439
1,Z001E0062,9.126,1.439
1,Z001E0063,7.308,1.439
1,Z001E0064,10.3,1.439
1,Z001E0065,7.743,1.439
1,Z001E0066,10.45,1.439
1,Z001E0067,10.41,1.439
1,Z001E0068,11.67,1.469
1,Z001E0069,9.365,1.439
1,Z001E0070,8.113,1.648
1,Z001E0071,11.08,1.439
1,Z001E0072,10.22,1.439
1,Z001E0073,8.527,1.469
1,Z001E0074,9.23,1.439
1,Z001E0075,9.997,1.439
1,Z001E0076,11.69,1.439
1,Z001E0077,11.24,1.439
1,Z001E0078,8.802,1.439
1,Z001E0079,9.773,1.439
1,Z001E0080,12.52,1.439
1,Z001E0081,7.708,1.439
1,Z001E0082,10.14,1.439
1,Z001E0083,8.472,1.439
1,Z001E0085,10.18,1.439
1,Z001E0086,7.781,1.439
1,Z001E0087,7.423,1.439
1,Z001E0088,10.38,1.439
1,Z001E0089,8.467,1.439
1,Z001E0091,8.455,1.469
1,Z001E0092,7.854,1.439
1,Z001E0093,7.822,1.439
1,Z001E0094,8.748,1.439
1,Z001E0095,10.62,1.439
1,Z001E0096,10.84,1.439
1,Z001E0097,5.549,1.648
1,Z001E0098,9.158,1.439
1,Z001E0099,6.871,1.469
1,Z001E0101,10.85,1.439
1,Z001E0102,8.677,1.439
1,Z001E0103,9.291,1.439
1,Z001E0104,10.67,1.439
1,Z001E0105,10.96,1.439
1,Z001E0106,8.268,1.439
1,Z001E0107,6.462,1.469
1,Z001E0108,9.448,1.439
1,Z001E0109,8.237,1.469
1,Z001E0110,8.665,1.439
1,Z001E0111,10.13,1.648
1,Z001E0112,8.165,1.439
1,Z001E0113,9.277,1.439
1,Z001E0114,8.527,1.439
1,Z001E0115,11.61,1.439
1,Z001E0116,11.35,1.439
1,Z001E0117,8.542,1.439
1,Z001E0118,7.198,1.439
1,Z001E0119,7.527,1.469
1,Z001E0120,7.329,1.439
1,Z001E0121,9.988,1.439
1,Z001E0122,11.33,1.439
1,Z001E0123,7.89,1.439
1,Z001E0124,8.112,1.439
1,Z001E0125,9.991,1.439
1,Z001E0126,12.7,1.439
1,Z001E0127,9.415,1.439
1,Z001E0128,10.28,1.439
1,Z001E0129,11.36,1.439
1,Z001E0130,9.869,1.439
1,Z001E0131,8.029,1.439
1,Z001E0132,7.727,1.439
1,Z001E0133,9.373,1.439
1,Z001E0134,10.25,1.439
1,Z001E0135,10.02,1.439
1,Z001E0136,9.926,1.439
1,Z001E0137,7.94,1.439
1,Z001E0138,8.353,1.439
1,Z001E0139,11.12,1.439
1,Z001E0140,8.824,1.469
1,Z001E0141,8.868,1.439
1,Z001E0143,8.163,1.439
1,Z001E0145,12.27,1.439
1,Z001E0146,9.751,1.439
1,Z001E0147,8.376,1.439
1,Z001E0148,7.385,1.469
1,Z001E0149,8.812,1.439
1,Z001E0150,9.045,1.439
1,Z001E0151,10.29,1.439
1,Z001E0152,7.985,1.469
1,Z001E0153,5.085,1.439
1,Z001E0154,9.166,1.439
1,Z001E0156,11.51,1.439
1,Z001E0157,8.171,1.439
1,Z001E0158,10.43,1.439
1,Z001E0159,7.535,1.439
1,Z001E0160,9.783,1.439
1,Z001E0161,9.142,1.439
1,Z001E0162,8.085,1.439
1,Z001E0163,8.403,1.439
1,Z001E0164,8.249,1.439
1,Z001E0165,8.315,1.469
1,Z001E0166,9.31,1.439
1,Z001E0167,7.818,1.439
1,Z001E0168,9.258,1.439
1,Z001E0169,10.36,1.439
1,Z001E0170,8.427,1.469
1,Z001E0171,8.503,1.439
1,Z001E0172,13.32,1.439
1,Z001E0173,9.282,1.439
1,Z001E0174,8.446,1.439
1,Z001E0175,11.09,1.439
1,Z001E0176,9.313,1.469
1,Z001E0177,7.994,1.439
1,Z001E0178,10.79,1.439
1,Z001E0180,7.718,1.439
1,Z001E0181,8.746,1.439
1,Z001E0182,6.981,1.439
1,Z001E0183,11.22,1.439
1,Z001E0184,10.34,1.439
1,Z001E0185,6.344,1.439
1,Z001E0186,8.232,1.648
1,Z001E0187,10.72,1.439
1,Z001E0188,8.773,1.439
1,Z001E0189,10.1,1.439
1,Z001E0190,9.79,1.439
1,Z001E0191,8.804,1.439
1,Z001E0192,7.982,1.439
1,Z001E0193,11.88,1.439
1,Z001E0194,8.951,1.439
1,Z001E0195,8.389,1.439
1,Z001E0196,7.675,1.439
1,Z001E0197,9.017,1.439
1,Z001E0198,8.569,1.439
1,Z001E0200,11.99,1.648
1,Z001E0215,8.631,1.439
1,Z001E0229,8.517,1.439
1,Z001ESBreplace1,10.27,1.439
1,Z001ESBreplace2,8.615,1.439
1,Z001ESBreplace3,9.032,1.439
2,Z002E0001,11.32,1.158
2,Z002E0002,8.312,1.519
2,Z002E0003,8.054,1.527
2,Z002E0004,8.025,1.525
2,Z002E0005,8.591,1.524
2,Z002E0006,9.003,1.086
2,Z002E0007,10.24,1.519
2,Z002E0008,8.938,1.527
2,Z002E0009,10.46,1.527
2,Z002E0010,10.41,1.527
2,Z002E0011,11.31,1.521
2,Z002E0012,8.025,1.525
2,Z002E0013,9.238,1.521
2,Z002E0014,12.04,1.525
2,Z002E0015,9.907,1.152
2,Z002E0016,10.81,1.521
2,Z002E0017,9.473,1.086
2,Z002E0018,10.94,1.527
2,Z002E0019,9.206,1.525
2,Z002E0020,10.23,1.527
2,Z002E0021,9.639,1.527
2,Z002E0022,8.817,1.085
2,Z002E0023,9.755,1.527
2,Z002E0025,7.973,1.527
2,Z002E0026,9.471,1.519
2,Z002E0027,7.063,1.521
2,Z002E0028,11.38,1.796
2,Z002E0029,11.44,1.525
2,Z002E0030,8.77,1.086
2,Z002E0031,9.91,1.527
2,Z002E0032,9.683,1.519
2,Z002E0033,10.57,1.524
2,Z002E0034,8.63,1.524
2,Z002E0035,10.81,1.524
2,Z002E0036,10.56,1.085
2,Z002E0037,8.031,1.524
2,Z002E0038,9.894,1.525
2,Z002E0039,9.762,1.085
2,Z002E0040,8.71,1.521
2,Z002E0041,7.392,1.524
2,Z002E0042,5.938,1.527
2,Z002E0044,8.241,1.525
2,Z002E0045,8.889,1.525
2,Z002E0046,7.44,1.085
2,Z002E0047,11.32,1.794
2,Z002E0048,12.76,1.534
2,Z002E0049,10.18,1.525
2,Z002E0050,8.934,1.525
2,Z002E0051,6.087,1.084
2,Z002E0052,8.677,1.534
2,Z002E0054,10.27,1.527
2,Z002E0055,6.846,1.527
2,Z002E0056,10.08,1.086
2,Z002E0057,8.067,1.524
2,Z002E0058,11.44,1.525
2,Z002E0059,6.846,1.527
2,Z002E0060,8.445,1.527
2,Z002E0061,8.206,1.086
2,Z002E0062,7.383,1.524
2,Z002E0063,4.555,1.527
2,Z002E0064,7.494,1.527
2,Z002E0065,7.494,1.527
2,Z002E0066,7.847,1.521
2,Z002E0068,7.337,1.086
2,Z002E0069,6.73,1.534
2,Z002E0070,9.266,1.524
2,Z002E0071,6.931,1.525
2,Z002E0072,7.945,1.534
2,Z002E0073,9.111,1.527
2,Z002E0074,8.675,1.158
2,Z002E0075,8.03,1.534
2,Z002E0076,8.911,1.519
2,Z002E0077,10.22,1.525
2,Z002E0078,11.86,1.519
2,Z002E0079,9.158,1.524
2,Z002E0080,9.962,1.524
2,Z002E0081,7.383,1.524
2,Z002E0082,11.37,1.524
2,Z002E0083,8.622,1.519
2,Z002E0084,11.12,1.085
2,Z002E0085,10.23,1.527
2,Z002E0086,10.46,1.527
2,Z002E0087,8.865,1.085
2,Z002E0088,10.48,1.519
2,Z002E0089,8.656,1.534
2,Z002E0090,12.47,1.525
2,Z002E0091,9.266,1.524
2,Z002E0092,11.07,1.521
2,Z002E0093,9.755,1.527
2,Z002E0094,8.215,1.083
2,Z002E0095,8.365,1.527
2,Z002E0096,8.966,1.534
2,Z002E0097,9.661,1.525
2,Z002E0098,9.515,1.525
2,Z002E0099,10.74,1.086
2,Z002E0100,11.8,1.153
2,Z002E0101,11.12,1.519
2,Z002E0102,6.999,1.085
2,Z002E0103,7.913,1.799
2,Z002E0104,9.837,1.521
2,Z002E0105,7.609,1.524
2,Z002E0106,11.2,1.519
2,Z002E0107,8.138,1.084
2,Z002E0108,9.755,1.527
2,Z002E0109,7.314,1.525
2,Z002E0110,8.513,1.525
2,Z002E0111,8.65,1.527
2,Z002E0112,9.505,1.524
2,Z002E0113,10.41,1.527
2,Z002E0114,10.52,1.525
2,Z002E0115,6.783,1.527
2,Z002E0116,7.885,1.527
2,Z002E0117,9.309,1.521
2,Z002E0118,10.77,1.525
2,Z002E0119,11.15,1.527
2,Z002E0120,12.81,1.408
2,Z002E0121,9.773,1.085
2,Z002E0122,6.051,1.525
2,Z002E0123,8.263,1.519
2,Z002E0124,11.94,1.524
2,Z002E0125,8.029,1.527
2,Z002E0126,12.55,1.534
2,Z002E0127,6.891,1.525
2,Z002E0128,6.586,1.524
2,Z002E0129,7.009,1.534
2,Z002E0130,9.425,1.527
2,Z002E0131,12.79,1.527
2,Z002E0132,9.792,1.521
2,Z002E0133,9.093,1.527
2,Z002E0134,6.859,1.248
2,Z002E0135,10.17,1.527
2,Z002E0136,8.579,1.525
2,Z002E0137,11.27,1.534
2,Z002E0138,9.718,1.087
2,Z002E0139,8.977,1.524
2,Z002E0140,11.01,1.534
2,Z002E0141,11.43,1.534
2,Z002E0142,11.48,1.524
2,Z002E0143,9.093,1.527
2,Z002E0144,10.15,1.527
2,Z002E0145,8.91,1.527
2,Z002E0146,9.494,1.534
2,Z002E0147,9.111,1.527
2,Z002E0148,10.7,1.524
2,Z002E0149,7.73,1.524
2,Z002E0150,8.476,1.086
2,Z002E0151,9.266,1.795
2,Z002E0152,9.227,1.798
2,Z002E0153,8.688,1.795
2,Z002E0154,10.48,1.085
2,Z002E0155,8.938,1.527
2,Z002E0156,12.39,1.153
2,Z002E0157,7.885,1.527
2,Z002E0158,8.965,1.154
2,Z002E0159,7.377,1.527
2,Z002E0160,8.947,1.409
2,Z002E0161,7.184,1.798
2,Z002E0162,9.974,1.524
2,Z002E0163,12.5,1.792
2,Z002E0164,12.11,1.086
2,Z002E0165,8.78,1.085
2,Z002E0166,9.309,1.521
2,Z002E0167,11.71,1.534
2,Z002E0168,10.96,1.084
2,Z002E0169,8.335,1.525
2,Z002E0170,7.157,1.527
2,Z002E0171,8.889,1.525
2,Z002E0172,8.624,1.525
2,Z002E0173,8.805,1.086
2,Z002E0174,9.728,1.519
2,Z002E0175,7.708,1.153
2,Z002E0176,8.367,1.534
2,Z002E0178,8.579,1.525
2,Z002E0179,7.357,1.524
2,Z002E0180,12.79,1.527
2,Z002E0181,11.69,1.521
2,Z002E0183,8.921,1.086
2,Z002E0184,7.998,1.525
2,Z002E0185,11.65,1.527
2,Z002E0186,10.03,1.534
2,Z002E0187,6.509,1.798
2,Z002E0188,9.783,1.534
2,Z002E0189,6.639,1.521
2,Z002E0190,7.998,1.525
2,Z002E0191,6.846,1.527
2,Z002E0192,8.846,1.534
2,Z002E0193,6.378,1.153
2,Z002E0194,8.731,1.521
2,Z002E0195,7.291,1.519
2,Z002E0196,8.91,1.527
2,Z002E0197,11.57,1.085
2,Z002E0198,9.69,1.524
2,Z002E0199,7.945,1.534
2,Z002E0200,11.27,1.524
2,Z002E0207,8.093,1.527
2,Z002E0217,6.558,1.525
2,Z002ESBreplace1,9.255,1.086
3,Z003E0005,9.571,1.431
3,Z003E0007,8.699,1.431
3,Z003E0014,9.575,1.431
3,Z003E0017,9.286,1.431
3,Z003E0038,9.394,1.641
3,Z003E0043,5.803,1.431
3,Z003E0044,8.275,1.641
3,Z003E0046,6.014,1.431
3,Z003E0049,9.954,1.641
3,Z003E0052,6.781,1.431
3,Z003E0054,5.192,1.431
3,Z003E0062,7.165,1.431
3,Z003E0069,8.828,1.431
3,Z003E0070,10.34,1.431
3,Z003E0071,4.503,1.431
3,Z003E0072,9.095,1.431
3,Z003E0075,8.497,1.431
3,Z003E0080,7.278,1.431
3,Z003E0085,7.545,1.431
3,Z003E0091,9.132,1.431
3,Z003E0094,9.236,1.641
3,Z003E0096,9.152,1.641
3,Z003E0105,6.598,1.641
3,Z003E0115,7.956,1.431
3,Z003E0120,3.75,1.641
3,Z003E0126,10.04,1.431
3,Z003E0129,7.003,1.431
3,Z003E0140,8.008,1.431
3,Z003E0145,8.261,1.431
3,Z003E0161,8.855,1.431
3,Z003E0166,6.82,1.431
3,Z003E0172,8.076,1.431
3,Z003E0191,7.318,1.431
4,Z004E0001,8.886,1.53
4,Z004E0002,8.294,1.527
4,Z004E0003,8.893,1.527
4,Z004E0004,6.201,1.09
4,Z004E0005,9.48,1.091
4,Z004E0006,12.63,1.091
4,Z004E0007,10.64,1.533
4,Z004E0008,8.26,1.53
4,Z004E0009,13.38,1.531
4,Z004E0010,6.287,1.525
4,Z004E0011,8.069,1.525
4,Z004E0012,9.551,1.789
4,Z004E0013,11.18,1.515
4,Z004E0014,9.297,1.538
4,Z004E0015,11.06,1.534
4,Z004E0016,6.317,1.087
4,Z004E0017,8.153,1.087
4,Z004E0018,8.615,1.534
4,Z004E0019,10.35,1.522
4,Z004E0020,7.407,1.534
4,Z004E0021,8.632,1.534
4,Z004E0022,9.08,1.533
4,Z004E0023,11.62,1.522
4,Z004E0024,9.504,1.522
4,Z004E0025,9.18,1.093
4,Z004E0026,7.917,1.63
4,Z004E0027,5.823,1.533
4,Z004E0028,7.153,1.53
4,Z004E0029,7.604,1.515
4,Z004E0030,10.47,1.531
4,Z004E0031,8.243,1.531
4,Z004E0032,9.18,1.531
4,Z004E0033,9.587,1.525
4,Z004E0034,9.196,1.525
4,Z004E0035,10.66,1.515
4,Z004E0036,8.033,1.534
4,Z004E0037,8.616,1.531
4,Z004E0039,10.54,1.801
4,Z004E0040,9.876,1.087
4,Z004E0041,8.055,1.534
4,Z004E0042,9.811,1.527
4,Z004E0043,9.824,1.538
4,Z004E0044,8.903,1.515
4,Z004E0045,9.944,1.522
4,Z004E0046,8.516,1.527
4,Z004E0047,9.724,1.53
4,Z004E0048,8.294,1.527
4,Z004E0050,10.85,1.522
4,Z004E0051,7.583,1.527
4,Z004E0052,6.759,1.534
4,Z004E0053,8.903,1.515
4,Z004E0054,8.243,1.531
4,Z004E0056,8.481,1.533
4,Z004E0057,10.11,1.515
4,Z004E0058,8.67,1.538
4,Z004E0059,9.912,1.531
4,Z004E0060,11.43,1.538
4,Z004E0061,8.172,1.522
4,Z004E0062,8.277,1.091
4,Z004E0063,8.475,1.16
4,Z004E0064,10.08,1.522
4,Z004E0066,8.256,1.515
4,Z004E0067,8.022,1.538
4,Z004E0068,6.713,1.093
4,Z004E0069,7.317,1.531
4,Z004E0070,10.28,1.53
4,Z004E0071,8.67,1.538
4,Z004E0072,7.46,1.533
4,Z004E0073,8.572,1.087
4,Z004E0074,7.445,1.087
4,Z004E0075,10.64,1.533
4,Z004E0076,7.462,1.162
4,Z004E0077,8.059,1.089
4,Z004E0078,7.971,1.092
4,Z004E0079,10.01,1.522
4,Z004E0080,10.32,1.522
4,Z004E0081,8.883,1.522
4,Z004E0082,8.294,1.527
4,Z004E0083,9.443,1.522
4,Z004E0084,7.855,1.159
4,Z004E0085,11.17,1.515
4,Z004E0086,7.371,1.093
4,Z004E0087,8.573,1.794
4,Z004E0088,9.482,1.522
4,Z004E0089,7.224,1.525
4,Z004E0090,8.235,1.522
4,Z004E0091,8.294,1.527
4,Z004E0092,7.649,1.538
4,Z004E0093,8.828,1.087
4,Z004E0094,9.896,1.538
4,Z004E0095,13.54,1.531
4,Z004E0096,12.03,1.089
4,Z004E0097,10.79,1.53
4,Z004E0098,7.048,1.525
4,Z004E0099,10.4,1.525
4,Z004E0100,8.033,1.534
4,Z004E0101,9.128,1.087
4,Z004E0102,9.008,1.538
4,Z004E0103,8.243,1.531
4,Z004E0104,9.13,1.525
4,Z004E0105,8.709,1.089
4,Z004E0106,9.724,1.798
4,Z004E0107,8.853,1.093
4,Z004E0108,8.349,1.522
4,Z004E0109,7.446,1.531
4,Z004E0110,7.532,1.09
4,Z004E0111,7.273,1.093
4,Z004E0112,8.891,1.531
4,Z004E0113,11.09,1.522
4,Z004E0114,9.351,1.533
4,Z004E0115,10.38,1.538
4,Z004E0116,9.146,1.522
4,Z004E0117,8.669,1.525
4,Z004E0118,10.34,1.09
4,Z004E0120,11.08,1.089
4,Z004E0121,8.954,1.531
4,Z004E0122,7.967,1.534
4,Z004E0123,8.173,1.522
4,Z004E0124,7.882,1.515
4,Z004E0125,5.939,1.53
4,Z004E0126,9.482,1.522
4,Z004E0127,8.561,1.534
4,Z004E0128,8.039,1.093
4,Z004E0129,8.483,1.522
4,Z004E0130,9.16,1.534
4,Z004E0131,7.833,1.533
4,Z004E0132,9.157,1.53
4,Z004E0133,8.481,1.533
4,Z004E0134,9.008,1.538
4,Z004E0135,7.713,1.086
4,Z004E0136,6.667,1.534
4,Z004E0137,7.382,1.085
4,Z004E0138,6.562,1.527
4,Z004E0139,9.302,1.085
4,Z004E0140,8.481,1.533
4,Z004E0141,7.034,1.534
4,Z004E0142,8.36,1.538
4,Z004E0143,5.49,1.525
4,Z004E0144,9.5,1.797
4,Z004E0145,7.309,1.527
4,Z004E0146,7.898,1.522
4,Z004E0147,7.122,1.533
4,Z004E0148,7.084,1.797
4,Z004E0149,8.69,1.538
4,Z004E0150,7.122,1.533
4,Z004E0151,7.036,1.533
4,Z004E0152,8.854,1.527
4,Z004E0153,11.77,1.531
4,Z004E0154,12.95,1.802
4,Z004E0155,8.038,1.522
4,Z004E0156,8.615,1.534
4,Z004E0157,9.414,1.53
4,Z004E0158,8.857,1.522
4,Z004E0159,8.36,1.538
4,Z004E0160,6.759,1.534
4,Z004E0161,6.35,1.538
4,Z004E0162,10.42,1.531
4,Z004E0163,8.235,1.522
4,Z004E0164,9.608,1.533
4,Z004E0165,9.182,1.798
4,Z004E0166,8.908,1.53
4,Z004E0167,6.924,1.534
4,Z004E0168,5.914,1.525
4,Z004E0169,9.906,1.093
4,Z004E0170,8.033,1.534
4,Z004E0171,6.909,1.522
4,Z004E0172,10.4,1.515
4,Z004E0173,10.01,1.087
4,Z004E0174,10.03,1.53
4,Z004E0175,9.241,1.515
4,Z004E0176,10.97,1.797
4,Z004E0177,11.72,1.53
4,Z004E0178,10.32,1.522
4,Z004E0179,9.453,1.527
4,Z004E0180,7.096,1.534
4,Z004E0181,7.5,1.085
4,Z004E0182,14.78,1.089
4,Z004E0183,10.78,1.522
4,Z004E0184,10.79,1.16
4,Z004E0185,9.912,1.802
4,Z004E0186,9.196,1.53
4,Z004E0187,7.87,1.531
4,Z004E0188,12.44,1.522
4,Z004E0189,7.732,1.525
4,Z004E0190,9.11,1.527
4,Z004E0191,9.157,1.53
4,Z004E0192,6.935,1.527
4,Z004E0193,9.414,1.53
4,Z004E0194,8.36,1.538
4,Z004E0195,9.008,1.538
4,Z004E0196,7.898,1.522
4,Z004E0197,7.95,1.53
4,Z004E0198,9.44,1.525
4,Z004E0199,7.122,1.533
4,Z004E0200,8.022,1.538
4,Z004E0208,8.304,1.534
4,Z004E0232,9.468,1.53
5,Z005E0001,6.779,1.454
5,Z005E0010,8.28,1.454
5,Z005E0016,9.073,1.454
5,Z005E0019,5.499,1.454
5,Z005E0037,7.44,1.454
5,Z005E0048,8.448,1.454
5,Z005E0053,7.443,1.454
5,Z005E0058,12.19,1.454
5,Z005E0062,7.12,1.454
5,Z005E0071,8.567,1.454
5,Z005E0072,7.221,1.454
5,Z005E0075,4.82,1.454
5,Z005E0079,9.331,1.454
5,Z005E0105,7.594,1.454
5,Z005E0108,6.462,1.454
5,Z005E0119,6.402,1.454
5,Z005E0137,9.971,1.454
5,Z005E0138,6.253,1.661
5,Z005E0139,7.077,1.454
5,Z005E0141,5.988,1.454
5,Z005E0148,7.418,1.454
5,Z005E0149,6.325,1.454
5,Z005E0150,10.69,1.454
5,Z005E0156,6.634,1.454
5,Z005E0157,4.387,1.454
5,Z005E0159,8.853,1.454
5,Z005E0162,10.02,1.454
5,Z005E0164,6.097,1.454
5,Z005E0167,5.491,1.454
5,Z005E0168,8.488,1.454
5,Z005E0170,5.577,1.454
5,Z005E0171,9.418,1.661
5,Z005E0174,7.167,1.454
5,Z005E0175,9.359,1.454
5,Z005E0181,7.418,1.454
5,Z005E0184,8.408,1.454
5,Z005E0193,5.232,1.454
5,Z005E0210,7.206,1.454
5,Z005E0215,8.127,1.661
6,Z006E0006,6.851,1.45
6,Z006E0020,12.01,1.45
6,Z006E0028,10.24,1.45
6,Z006E0031,6.963,1.429
6,Z006E0034,7.372,1.429
6,Z006E0044,7.049,1.429
6,Z006E0051,7.543,1.45
6,Z006E0054,8.143,1.45
6,Z006E0058,8.606,1.45
6,Z006E0059,9.245,1.45
6,Z006E0061,7.648,1.45
6,Z006E0065,8.63,1.429
6,Z006E0066,7.034,1.45
6,Z006E0073,7.673,1.429
6,Z006E0074,6.689,1.45
6,Z006E0088,10.03,1.429
6,Z006E0095,8.583,1.429
6,Z006E0101,9.895,1.639
6,Z006E0103,8.885,1.429
6,Z006E0104,7.232,1.45
6,Z006E0107,6.572,1.429
6,Z006E0110,6.564,1.45
6,Z006E0116,6.481,1.429
6,Z006E0124,8.856,1.45
6,Z006E0129,7.417,1.429
6,Z006E0137,7.364,1.429
6,Z006E0143,7.652,1.429
6,Z006E0145,7.327,1.429
6,Z006E0159,7.519,1.429
6,Z006E0164,8.801,1.45
6,Z006E0175,9.915,1.429
6,Z006E0177,9.894,1.45
6,Z006E0196,7.235,1.45
6,Z006E0200,10.46,1.429
6,Z006E0204,7.104,1.45
6,Z006E0226,10.43,1.45
6,Z006E0228,8.884,1.45
6,Z006E0255,7.788,1.45
7,Z007E0005,10.68,1.454
7,Z007E0008,8.507,1.454
7,Z007E0010,8.812,1.454
7,Z007E0014,7.152,1.454
7,Z007E0015,10.03,1.454
7,Z007E0020,8.72,1.454
7,Z007E0027,7.104,1.454
7,Z007E0036,9.45,1.454
7,Z007E0044,8.998,1.454
7,Z007E0046,9.622,1.454
7,Z007E0052,10.55,1.454
7,Z007E0053,7.764,1.661
7,Z007E0054,10.38,1.454
7,Z007E0064,9.476,1.454
7,Z007E0079,6.568,1.454
7,Z007E0086,10.86,1.454
7,Z007E0087,11.37,1.454
7,Z007E0090,11.11,1.454
7,Z007E0092,9.582,1.454
7,Z007E0100,10.77,1.454
7,Z007E0111,8.073,1.454
7,Z007E0112,9.295,1.454
7,Z007E0116,9.19,1.454
7,Z007E0117,7.811,1.454
7,Z007E0118,11.08,1.454
7,Z007E0120,10.08,1.454
7,Z007E0127,8.636,1.454
7,Z007E0139,5.641,1.454
7,Z007E0155,7.794,1.454
7,Z007E0156,10.11,1.454
7,Z007E0158,8.226,1.454
7,Z007E0163,7.792,1.454
7,Z007E0172,10.77,1.454
7,Z007E0174,9.947,1.454
7,Z007E0175,12.72,1.454
7,Z007E0176,9.962,1.454
7,Z007E0189,9.708,1.454
7,Z007E0194,10.24,1.454
7,Z007E0195,7.639,1.454
8,Z008E0001,7.938,1.439
8,Z008E0002,8.412,1.439
8,Z008E0003,8.82,1.439
8,Z008E0004,10.83,1.439
8,Z008E0005,7.341,1.439
8,Z008E0006,8.14,1.439
8,Z008E0007,8.586,1.439
8,Z008E0008,10.21,1.439
8,Z008E0009,8.485,1.439
8,Z008E0010,5.755,1.439
8,Z008E0011,12.64,1.439
8,Z008E0012,10.2,1.439
8,Z008E0013,6.838,1.439
8,Z008E0014,9.827,1.439
8,Z008E0015,9.509,1.439
8,Z008E0016,7.659,1.423
8,Z008E0017,7.022,1.423
8,Z008E0018,7.309,1.439
8,Z008E0019,9.11,1.439
8,Z008E0020,8.072,1.439
8,Z008E0021,11.52,1.439
8,Z008E0023,5.445,1.439
8,Z008E0024,10.8,1.439
8,Z008E0025,6.27,1.439
8,Z008E0026,10.18,1.449
8,Z008E0027,7.798,1.439
8,Z008E0028,6.409,1.439
8,Z008E0029,9.041,1.439
8,Z008E0030,9.879,1.439
8,Z008E0031,7.431,1.439
8,Z008E0032,7.802,1.439
8,Z008E0033,8.225,1.439
8,Z008E0034,10.01,1.439
8,Z008E0035,7.741,1.439
8,Z008E0036,10.16,1.439
8,Z008E0037,9.925,1.439
8,Z008E0038,8.953,1.439
8,Z008E0039,8.868,1.439
8,Z008E0040,7.694,1.439
8,Z008E0041,7.215,1.449
8,Z008E0042,11.82,1.439
8,Z008E0043,9.262,1.439
8,Z008E0044,7.918,1.439
8,Z008E0045,7.496,1.423
8,Z008E0046,7.565,1.439
8,Z008E0047,10.06,1.449
8,Z008E0048,7.703,1.439
8,Z008E0049,8.37,1.439
8,Z008E0050,10.44,1.439
8,Z008E0051,8.66,1.423
8,Z008E0052,8.639,1.439
8,Z008E0053,6.594,1.439
8,Z008E0054,9.456,1.648
8,Z008E0055,6.652,1.439
8,Z008E0056,10.14,1.439
8,Z008E0057,10.02,1.449
8,Z008E0058,8.342,1.439
8,Z008E0059,7.192,1.439
8,Z008E0060,8.296,1.439
8,Z008E0061,9.041,1.449
8,Z008E0062,6.561,1.439
8,Z008E0063,6.662,1.439
8,Z008E0064,7.953,1.439
8,Z008E0065,7.026,1.648
8,Z008E0066,9.699,1.439
8,Z008E0067,6.709,1.439
8,Z008E0068,8.491,1.439
8,Z008E0069,8.985,1.648
8,Z008E0070,7.225,1.439
8,Z008E0071,7.496,1.648
8,Z008E0072,9.951,1.439
8,Z008E0073,8.343,1.439
8,Z008E0074,8.554,1.439
8,Z008E0075,10.38,1.439
8,Z008E0076,7.729,1.439
8,Z008E0077,8.736,1.439
8,Z008E0078,9.948,1.439
8,Z008E0079,8.375,1.439
8,Z008E0080,9.542,1.439
8,Z008E0081,7.813,1.439
8,Z008E0082,8.626,1.439
8,Z008E0083,8.258,1.439
8,Z008E0084,5.446,1.439
8,Z008E0085,8.482,1.439
8,Z008E0086,8.313,1.439
8,Z008E0087,7.312,1.423
8,Z008E0088,8.01,1.423
8,Z008E0090,10.35,1.449
8,Z008E0091,6.862,1.439
8,Z008E0092,8.209,1.439
8,Z008E0093,10.49,1.423
8,Z008E0094,8.949,1.449
8,Z008E0095,10.87,1.423
8,Z008E0096,9.156,1.449
8,Z008E0097,6.669,1.439
8,Z008E0098,5.671,1.439
8,Z008E0099,8.476,1.423
8,Z008E0100,8.216,1.648
8,Z008E0101,10.25,1.423
8,Z008E0102,6.877,1.648
8,Z008E0103,8.25,1.423
8,Z008E0104,9.979,1.439
8,Z008E0105,7.282,1.449
8,Z008E0106,8.389,1.439
8,Z008E0107,6.377,1.439
8,Z008E0108,11.34,1.439
8,Z008E0109,7.948,1.648
8,Z008E0110,6.031,1.439
8,Z008E0111,7.505,1.423
8,Z008E0112,10.72,1.439
8,Z008E0113,7.902,1.449
8,Z008E0114,7.525,1.439
8,Z008E0115,7.327,1.439
8,Z008E0116,7.889,1.439
8,Z008E0117,8.933,1.648
8,Z008E0118,8.336,1.439
8,Z008E0119,10.21,1.439
8,Z008E0120,10.92,1.449
8,Z008E0121,8.601,1.648
8,Z008E0122,5.554,1.648
8,Z008E0123,7.377,1.439
8,Z008E0124,8.034,1.449
8,Z008E0125,8.621,1.439
8,Z008E0126,7.278,1.439
8,Z008E0127,9.145,1.439
8,Z008E0128,5.6,1.439
8,Z008E0129,9.034,1.439
8,Z008E0130,8.106,1.423
8,Z008E0131,11.16,1.449
8,Z008E0132,8.686,1.439
8,Z008E0133,5.538,1.439
8,Z008E0135,10.3,1.439
8,Z008E0136,8.797,1.439
8,Z008E0137,5.188,1.439
8,Z008E0139,6.998,1.648
8,Z008E0140,10.83,1.449
8,Z008E0141,6.967,1.648
8,Z008E0142,7.278,1.439
8,Z008E0143,9.074,1.648
8,Z008E0144,9.37,1.439
8,Z008E0145,8.754,1.648
8,Z008E0146,6.986,1.439
8,Z008E0147,9.536,1.449
8,Z008E0148,12.45,1.439
8,Z008E0149,7.243,1.439
8,Z008E0150,8.701,1.439
8,Z008E0151,9.67,1.439
8,Z008E0152,9.855,1.439
8,Z008E0153,9.409,1.439
8,Z008E0154,9.543,1.423
8,Z008E0155,5.831,1.439
8,Z008E0156,7.755,1.439
8,Z008E0157,6.955,1.439
8,Z008E0158,10.62,1.449
8,Z008E0159,10.25,1.423
8,Z008E0160,7.568,1.439
8,Z008E0161,9.498,1.439
8,Z008E0162,9.267,1.449
8,Z008E0163,7.897,1.439
8,Z008E0164,8.878,1.439
8,Z008E0165,7.2,1.439
8,Z008E0166,8.071,1.439
8,Z008E0167,8.981,1.439
8,Z008E0168,7.588,1.439
8,Z008E0169,8.189,1.439
8,Z008E0170,10.3,1.449
8,Z008E0171,4.307,1.439
8,Z008E0172,6.885,1.439
8,Z008E0173,7.54,1.439
8,Z008E0174,7.122,1.439
8,Z008E0175,7.008,1.439
8,Z008E0176,8.684,1.449
8,Z008E0177,5.796,1.439
8,Z008E0178,11.35,1.439
8,Z008E0179,10.02,1.439
8,Z008E0180,8.756,1.439
8,Z008E0181,9.932,1.439
8,Z008E0182,9.892,1.439
8,Z008E0183,9.272,1.439
8,Z008E0184,9.234,1.449
8,Z008E0185,10.14,1.439
8,Z008E0186,9.879,1.439
8,Z008E0187,5.579,1.423
8,Z008E0188,9.202,1.423
8,Z008E0189,7.621,1.439
8,Z008E0190,7.151,1.439
8,Z008E0191,7.956,1.439
8,Z008E0192,7.563,1.439
8,Z008E0193,6.217,1.439
8,Z008E0194,6.911,1.439
8,Z008E0195,9.448,1.439
8,Z008E0196,7.437,1.439
8,Z008E0197,6.933,1.439
8,Z008E0198,10.33,1.439
8,Z008E0199,8.333,1.423
8,Z008E0200,10.36,1.439
8,Z008E0253,7.755,1.423
9,Z009E0001,9.52,1.524
9,Z009E0002,12.16,1.545
9,Z009E0003,9.596,1.087
9,Z009E0004,10.03,1.53
9,Z009E0005,8.868,1.086
9,Z009E0008,7.805,1.527
9,Z009E0009,8.291,1.088
9,Z009E0010,9.282,1.097
9,Z009E0013,11.51,1.53
9,Z009E0014,9.497,1.085
9,Z009E0015,9.771,1.537
9,Z009E0016,8.281,1.085
9,Z009E0017,10.58,1.53
9,Z009E0018,8.939,1.524
9,Z009E0019,8.53,1.527
9,Z009E0020,9.229,1.537
9,Z009E0021,9.771,1.807
9,Z009E0022,10.73,1.537
9,Z009E0023,7.515,1.524
9,Z009E0025,9.635,1.527
9,Z009E0026,9.453,1.53
9,Z009E0027,6.883,1.531
9,Z009E0028,10.51,1.545
9,Z009E0029,12.58,1.53
9,Z009E0030,10.15,1.087
9,Z009E0031,9.521,1.087
9,Z009E0032,8.041,1.519
9,Z009E0033,6.62,1.53
9,Z009E0034,10.16,1.524
9,Z009E0035,10.53,1.412
9,Z009E0036,9.827,1.519
9,Z009E0037,7.508,1.531
9,Z009E0038,8.392,1.53
9,Z009E0039,7.917,1.799
9,Z009E0040,9.437,1.097
9,Z009E0041,8.227,1.527
9,Z009E0043,10.24,1.519
9,Z009E0044,9.036,1.527
9,Z009E0045,9.373,1.524
9,Z009E0047,9.036,1.801
9,Z009E0048,13,1.527
9,Z009E0049,8.387,1.412
9,Z009E0050,14.62,1.527
9,Z009E0051,7.991,1.531
9,Z009E0052,9.979,1.085
9,Z009E0053,6.958,1.085
9,Z009E0054,11.62,1.53
9,Z009E0055,8.94,1.537
9,Z009E0056,11.51,1.086
9,Z009E0057,9.676,1.091
9,Z009E0058,9.742,1.087
9,Z009E0059,7.704,1.087
9,Z009E0060,8.681,1.53
9,Z009E0061,9.263,1.53
9,Z009E0062,7.68,1.531
9,Z009E0063,9.249,1.524
9,Z009E0064,7.482,1.531
9,Z009E0065,7.693,1.537
9,Z009E0066,9.631,1.524
9,Z009E0067,9.347,1.527
9,Z009E0068,8.134,1.524
9,Z009E0069,9.198,1.531
9,Z009E0070,8.826,1.527
9,Z009E0071,13.86,1.53
9,Z009E0072,10.41,1.527
9,Z009E0073,11.39,1.524
9,Z009E0074,9.071,1.524
9,Z009E0075,10.78,1.519
9,Z009E0076,9.551,1.53
9,Z009E0077,11.56,1.527
9,Z009E0078,10.12,1.161
9,Z009E0079,8.53,1.798
9,Z009E0080,8.888,1.531
9,Z009E0082,8.537,1.527
9,Z009E0083,13.39,1.527
9,Z009E0084,8.328,1.531
9,Z009E0085,10.73,1.53
9,Z009E0086,11.07,1.085
9,Z009E0087,7.234,1.527
9,Z009E0088,9.347,1.527
9,Z009E0089,12.22,1.097
9,Z009E0090,9.487,1.531
9,Z009E0091,8.53,1.527
9,Z009E0092,8.448,1.545
9,Z009E0093,8.674,1.545
9,Z009E0094,10.86,1.524
9,Z009E0095,9.932,1.531
9,Z009E0096,7.212,1.086
9,Z009E0097,8.108,1.089
9,Z009E0098,10.36,1.524
9,Z009E0099,7.242,1.527
9,Z009E0100,10.33,1.155
9,Z009E0101,6.914,1.519
9,Z009E0102,12.78,1.53
9,Z009E0103,13.18,1.545
9,Z009E0104,10.12,1.088
9,Z009E0105,7.605,1.53
9,Z009E0106,8.476,1.53
9,Z009E0107,8.076,1.527
9,Z009E0108,8.681,1.53
9,Z009E0110,10.87,1.085
9,Z009E0111,10.4,1.524
9,Z009E0112,9.052,1.519
9,Z009E0113,9.412,1.519
9,Z009E0114,7.066,1.086
9,Z009E0115,9.292,1.53
9,Z009E0116,8.819,1.527
9,Z009E0117,10.2,1.087
9,Z009E0118,9.902,1.524
9,Z009E0119,10.9,1.524
9,Z009E0120,9.023,1.088
9,Z009E0121,9.887,1.524
9,Z009E0122,7.799,1.091
9,Z009E0123,8.577,1.527
9,Z009E0124,6.969,1.531
9,Z009E0125,10.89,1.524
9,Z009E0126,9.763,1.53
9,Z009E0127,11.31,1.524
9,Z009E0128,7.824,1.524
9,Z009E0129,9.115,1.527
9,Z009E0130,9.796,1.089
9,Z009E0131,8.351,1.519
9,Z009E0132,10.29,1.53
9,Z009E0133,8.328,1.087
9,Z009E0134,10.78,1.545
9,Z009E0135,8.732,1.53
9,Z009E0136,9.359,1.524
9,Z009E0138,10.22,1.545
9,Z009E0139,8.499,1.524
9,Z009E0140,8.03,1.537
9,Z009E0141,9.386,1.527
9,Z009E0142,8.214,1.088
9,Z009E0143,8.899,1.53
9,Z009E0144,9.643,1.527
9,Z009E0145,8.425,1.088
9,Z009E0146,10.59,1.524
9,Z009E0147,9.52,1.524
9,Z009E0149,9.347,1.527
9,Z009E0150,9.021,1.53
9,Z009E0151,8.94,1.537
9,Z009E0152,6.883,1.531
9,Z009E0153,9.096,1.545
9,Z009E0154,10.16,1.527
9,Z009E0155,7.172,1.091
9,Z009E0156,7.307,1.531
9,Z009E0157,8.991,1.53
9,Z009E0158,8.991,1.53
9,Z009E0159,10.34,1.524
9,Z009E0160,7.407,1.53
9,Z009E0161,8.613,1.097
9,Z009E0162,8.204,1.53
9,Z009E0163,9.249,1.524
9,Z009E0164,9.902,1.524
9,Z009E0165,9.071,1.524
9,Z009E0167,6.914,1.519
9,Z009E0168,5.069,1.519
9,Z009E0169,8.341,1.537
9,Z009E0170,8.328,1.531
9,Z009E0171,8.341,1.537
9,Z009E0173,6.982,1.537
9,Z009E0174,10.25,1.545
9,Z009E0175,9.785,1.086
9,Z009E0176,7.234,1.527
9,Z009E0177,9.537,1.156
9,Z009E0178,9.198,1.531
9,Z009E0179,10.53,1.545
9,Z009E0180,9.902,1.524
9,Z009E0181,11.04,1.545
9,Z009E0182,6.775,1.527
9,Z009E0183,9.115,1.527
9,Z009E0184,8.041,1.519
9,Z009E0185,9.988,1.531
9,Z009E0186,7.315,1.53
9,Z009E0187,9.412,1.519
9,Z009E0188,4.905,1.412
9,Z009E0190,8.002,1.524
9,Z009E0191,9.912,1.545
9,Z009E0192,8.65,1.524
9,Z009E0193,7.651,1.545
9,Z009E0194,7.894,1.53
9,Z009E0196,9.365,1.088
9,Z009E0197,7.447,1.519
9,Z009E0198,6.559,1.537
9,Z009E0199,6.056,1.537
9,Z009E0200,7.68,1.531
9,Z009E0214,6.868,1.524
9,Z009E0219,13.87,1.531
9,Z009E0223,9.263,1.53
9,Z009E0243,10.41,1.527
9,Z009ESBreplace1,7.744,1.53
9,Z009ESBreplace2,7.313,1.085
9,Z009ESBreplace3,10.11,1.527
10,Z010E0001,7.674,1.423
10,Z010E0002,7.126,1.439
10,Z010E0003,9.24,1.439
10,Z010E0004,7.723,1.439
10,Z010E0006,7.278,1.423
10,Z010E0007,8.426,1.439
10,Z010E0008,8.229,1.423
10,Z010E0009,7.306,1.439
10,Z010E0010,7.796,1.439
10,Z010E0011,9.87,1.439
10,Z010E0012,7.406,1.423
10,Z010E0013,7.33,1.439
10,Z010E0014,8.858,1.439
10,Z010E0015,8.389,1.423
10,Z010E0016,10.09,1.423
10,Z010E0017,6.999,1.439
10,Z010E0018,10.53,1.439
10,Z010E0019,10.56,1.439
10,Z010E0020,6.723,1.423
10,Z010E0021,8.766,1.423
10,Z010E0022,6.539,1.439
10,Z010E0023,8.277,1.423
10,Z010E0024,8.37,1.423
10,Z010E0025,8.608,1.439
10,Z010E0026,9.17,1.439
10,Z010E0027,10.54,1.439
10,Z010E0028,7.444,1.439
10,Z010E0030,8.233,1.439
10,Z010E0031,7.044,1.423
10,Z010E0032,10.28,1.423
10,Z010E0033,12.57,1.423
10,Z010E0034,9.285,1.423
10,Z010E0035,8.692,1.439
10,Z010E0036,8.879,1.439
10,Z010E0037,8.696,1.423
10,Z010E0038,8.477,1.423
10,Z010E0039,7.265,1.439
10,Z010E0040,8.24,1.423
10,Z010E0041,9.65,1.439
10,Z010E0042,8.76,1.439
10,Z010E0043,5.749,1.423
10,Z010E0044,11.37,1.423
10,Z010E0045,11.52,1.423
10,Z010E0046,8.72,1.423
10,Z010E0047,7.562,1.439
10,Z010E0048,7.196,1.634
10,Z010E0049,7.473,1.439
10,Z010E0050,13.85,1.439
10,Z010E0051,7.553,1.423
10,Z010E0052,9.741,1.439
10,Z010E0053,7.193,1.439
10,Z010E0054,9.915,1.439
10,Z010E0055,10.15,1.439
10,Z010E0056,9.868,1.439
10,Z010E0057,9.298,1.648
10,Z010E0058,6.971,1.423
10,Z010E0059,7.949,1.439
10,Z010E0060,6.76,1.439
10,Z010E0061,12.48,1.439
10,Z010E0062,7.716,1.439
10,Z010E0063,7.827,1.439
10,Z010E0064,10.18,1.648
10,Z010E0065,7.425,1.423
10,Z010E0066,10.58,1.423
10,Z010E0067,8.388,1.439
10,Z010E0068,10.67,1.648
10,Z010E0069,7.598,1.423
10,Z010E0070,7.738,1.423
10,Z010E0071,11.99,1.439
10,Z010E0072,5.428,1.423
10,Z010E0073,8.498,1.439
10,Z010E0074,8.499,1.439
10,Z010E0075,5.65,1.439
10,Z010E0076,7.838,1.439
10,Z010E0077,9.366,1.423
10,Z010E0078,8.026,1.439
10,Z010E0079,7.436,1.439
10,Z010E0080,10.16,1.439
10,Z010E0081,7.366,1.648
10,Z010E0082,6.587,1.423
10,Z010E0083,8.791,1.439
10,Z010E0084,6.405,1.439
10,Z010E0085,5.609,1.423
10,Z010E0086,9.497,1.439
10,Z010E0087,7.318,1.439
10,Z010E0088,9.105,1.439
10,Z010E0089,8.832,1.648
10,Z010E0090,9.775,1.439
10,Z010E0091,5.794,1.423
10,Z010E0092,6.78,1.634
10,Z010E0093,9.744,1.439
10,Z010E0094,10.86,1.423
10,Z010E0095,8.388,1.648
10,Z010E0096,6.312,1.439
10,Z010E0097,7.835,1.439
10,Z010E0098,8.933,1.439
10,Z010E0099,10.75,1.439
10,Z010E0100,8.418,1.439
10,Z010E0101,9.351,1.423
10,Z010E0102,10.86,1.439
10,Z010E0103,9.522,1.423
10,Z010E0104,9.575,1.423
10,Z010E0105,7.445,1.648
10,Z010E0106,8.342,1.423
10,Z010E0107,8.338,1.634
10,Z010E0108,6.373,1.439
10,Z010E0109,9.009,1.423
10,Z010E0110,9.848,1.423
10,Z010E0111,8.427,1.423
10,Z010E0112,7.561,1.423
10,Z010E0113,6.337,1.634
10,Z010E0114,8.333,1.439
10,Z010E0115,11.11,1.423
10,Z010E0116,6.366,1.423
10,Z010E0117,6.692,1.423
10,Z010E0118,7.382,1.439
10,Z010E0119,9.099,1.439
10,Z010E0120,10.09,1.439
10,Z010E0121,7.801,1.439
10,Z010E0122,10.62,1.439
10,Z010E0123,6.635,1.439
10,Z010E0124,7.593,1.423
10,Z010E0125,7.216,1.439
10,Z010E0126,5.378,1.439
10,Z010E0127,8.52,1.439
10,Z010E0128,9.152,1.439
10,Z010E0129,8.107,1.439
10,Z010E0130,5.022,1.423
10,Z010E0131,11.74,1.439
10,Z010E0132,6.818,1.648
10,Z010E0133,8.204,1.423
10,Z010E0134,7.161,1.439
10,Z010E0135,7.988,1.439
10,Z010E0136,6.622,1.423
10,Z010E0137,8.524,1.439
10,Z010E0138,11.17,1.439
10,Z010E0139,7.451,1.423
10,Z010E0140,6.862,1.423
10,Z010E0141,8.491,1.423
10,Z010E0142,8.991,1.439
10,Z010E0143,8.338,1.634
10,Z010E0144,9.686,1.439
10,Z010E0145,8.988,1.423
10,Z010E0146,6.698,1.439
10,Z010E0147,9.425,1.439
10,Z010E0148,6.883,1.439
10,Z010E0149,8.662,1.423
10,Z010E0150,9.61,1.439
10,Z010E0151,7.636,1.439
10,Z010E0152,10.67,1.439
10,Z010E0153,8.629,1.439
10,Z010E0154,7.514,1.423
10,Z010E0155,6.961,1.439
10,Z010E0156,10.49,1.439
10,Z010E0157,10.12,1.423
10,Z010E0158,11.02,1.648
10,Z010E0159,11.28,1.439
10,Z010E0160,10.08,1.423
10,Z010E0161,6.732,1.423
10,Z010E0162,9.487,1.423
10,Z010E0163,10.18,1.439
10,Z010E0164,10.33,1.439
10,Z010E0165,8.332,1.423
10,Z010E0166,9.643,1.439
10,Z010E0167,12.92,1.439
10,Z010E0169,9.49,1.439
10,Z010E0170,7.852,1.439
10,Z010E0172,11.23,1.439
10,Z010E0173,11.06,1.439
10,Z010E0174,9.979,1.439
10,Z010E0175,9.474,1.423
10,Z010E0176,8.265,1.423
10,Z010E0178,9.061,1.423
10,Z010E0179,7.863,1.423
10,Z010E0180,7.736,1.439
10,Z010E0181,8.434,1.439
10,Z010E0182,7.847,1.439
10,Z010E0184,6.434,1.423
10,Z010E0185,6.329,1.439
10,Z010E0186,7.777,1.423
10,Z010E0187,10.11,1.439
10,Z010E0188,9.625,1.423
10,Z010E0189,10.72,1.439
10,Z010E0190,5.999,1.423
10,Z010E0191,8.653,1.439
10,Z010E0192,9.105,1.423
10,Z010E0193,8.136,1.423
10,Z010E0194,10.91,1.439
10,Z010E0195,7.848,1.439
10,Z010E0196,7.09,1.423
10,Z010E0197,9.629,1.439
10,Z010E0198,11.08,1.439
10,Z010E0200,6.402,1.423
10,Z010E0214,8.97,1.439
10,Z010ESBreplace2,13.53,1.439
11,Z011E0001,10.89,1.078
11,Z011E0002,7.649,1.073
11,Z011E0003,11.54,1.148
11,Z011E0004,12.99,1.405
11,Z011E0005,10.69,1.077
11,Z011E0006,9.123,1.079
11,Z011E0007,8.478,1.076
11,Z011E0008,10.22,1.151
11,Z011E0009,10.79,1.077
11,Z011E0010,12.17,1.073
11,Z011E0011,9.364,1.076
11,Z011E0012,7.203,1.401
11,Z011E0013,12.17,1.408
11,Z011E0014,9.214,1.072
11,Z011E0015,10.87,1.405
11,Z011E0016,6.284,1.147
11,Z011E0017,11.78,1.081
11,Z011E0018,9.809,1.077
11,Z011E0019,11.85,1.24
11,Z011E0020,10.68,1.147
11,Z011E0021,7.835,1.409
11,Z011E0022,9.242,1.408
11,Z011E0023,10.96,1.079
11,Z011E0024,5.731,1.409
11,Z011E0025,10.24,1.073
11,Z011E0026,8.415,1.074
11,Z011E0027,10.98,1.147
11,Z011E0028,8.444,1.145
11,Z011E0029,9.181,1.074
11,Z011E0030,10.65,1.076
11,Z011E0031,7.966,1.078
11,Z011E0032,7.618,1.411
11,Z011E0033,8.295,1.145
11,Z011E0034,9.658,1.078
11,Z011E0035,12.41,1.148
11,Z011E0036,10.06,1.075
11,Z011E0037,9.71,1.078
11,Z011E0038,9.847,1.15
11,Z011E0039,8.281,1.145
11,Z011E0040,11.75,1.081
11,Z011E0041,10.88,1.075
11,Z011E0042,10.58,1.076
11,Z011E0043,11.43,1.142
11,Z011E0044,9.753,1.075
11,Z011E0045,10.38,1.073
11,Z011E0046,9.972,1.081
11,Z011E0047,8.161,1.237
11,Z011E0048,9.569,1.786
11,Z011E0049,10.29,1.147
11,Z011E0050,11.89,1.618
11,Z011E0051,7.111,1.082
11,Z011E0052,9.473,1.155
11,Z011E0053,9.516,1.077
11,Z011E0054,8.132,1.076
11,Z011E0055,11.19,1.078
11,Z011E0056,10.99,1.077
11,Z011E0057,9.444,1.078
11,Z011E0058,8.32,1.148
11,Z011E0061,10.64,1.08
11,Z011E0062,9.089,1.079
11,Z011E0063,10.63,1.077
11,Z011E0064,9.198,1.15
11,Z011E0065,10.05,1.239
11,Z011E0067,10.59,1.504
11,Z011E0068,9.058,1.076
11,Z011E0069,9.672,1.076
11,Z011E0070,8.93,1.151
11,Z011E0071,11.3,1.144
11,Z011E0072,8.798,1.077
11,Z011E0073,8.897,1.407
11,Z011E0074,9.375,1.075
11,Z011E0075,10.27,1.077
11,Z011E0076,7.799,1.398
11,Z011E0077,10.46,1.074
11,Z011E0078,9.073,1.148
11,Z011E0079,7.561,1.077
11,Z011E0080,9.255,1.072
11,Z011E0081,8.281,1.08
11,Z011E0082,9.413,1.076
11,Z011E0083,8.076,1.082
11,Z011E0084,5.811,1.411
11,Z011E0085,10.08,1.408
11,Z011E0086,9.078,1.078
11,Z011E0087,10.38,1.075
11,Z011E0088,5.847,1.083
11,Z011E0089,9.216,1.143
11,Z011E0090,10.47,1.078
11,Z011E0091,12.2,1.401
11,Z011E0092,9.997,1.074
11,Z011E0093,8.569,1.148
11,Z011E0094,8.199,1.147
11,Z011E0095,10.38,1.078
11,Z011E0096,8.57,1.073
11,Z011E0097,9.235,1.155
11,Z011E0098,7.708,1.077
11,Z011E0099,8.916,1.078
11,Z011E0100,9.31,1.077
11,Z011E0101,10.18,1.072
11,Z011E0102,11.18,1.075
11,Z011E0103,9.784,1.077
11,Z011E0104,10.07,1.078
11,Z011E0105,8.722,1.407
11,Z011E0106,10.05,1.078
11,Z011E0107,9.646,1.145
11,Z011E0108,9.65,1.401
11,Z011E0109,8.046,1.784
11,Z011E0110,9.274,1.146
11,Z011E0111,9.51,1.512
11,Z011E0112,6.737,1.504
11,Z011E0113,8.399,1.073
11,Z011E0115,8.471,1.081
11,Z011E0116,10.2,1.073
11,Z011E0117,8.612,1.07
11,Z011E0118,9.965,1.077
11,Z011E0119,8.3,1.145
11,Z011E0120,11.74,1.078
11,Z011E0121,10.3,1.506
11,Z011E0122,8.069,1.075
11,Z011E0123,9.839,1.147
11,Z011E0124,10.27,1.153
11,Z011E0125,7.958,1.074
11,Z011E0126,10.89,1.076
11,Z011E0127,9.737,1.072
11,Z011E0128,8.506,1.398
11,Z011E0129,9.181,1.075
11,Z011E0130,8.925,1.078
11,Z011E0131,10.61,1.078
11,Z011E0132,4.826,1.615
11,Z011E0133,9.718,1.243
11,Z011E0134,10.57,1.08
11,Z011E0135,10.43,1.081
11,Z011E0136,10.87,1.073
11,Z011E0137,6.616,1.513
11,Z011E0138,9.106,1.078
11,Z011E0139,10.94,1.24
11,Z011E0141,11.61,1.075
11,Z011E0142,9.141,1.077
11,Z011E0143,9.348,1.075
11,Z011E0144,10.16,1.15
11,Z011E0145,12.1,1.075
11,Z011E0146,11.19,1.075
11,Z011E0147,7.8,1.079
11,Z011E0148,8.391,1.148
11,Z011E0149,9.728,1.075
11,Z011E0150,10.97,1.075
11,Z011E0151,8.656,1.075
11,Z011E0152,9.762,1.08
11,Z011E0153,10.05,1.076
11,Z011E0154,10.68,1.077
11,Z011E0155,11.68,1.078
11,Z011E0156,8.753,1.076
11,Z011E0157,8.837,1.144
11,Z011E0158,11.46,1.072
11,Z011E0159,9.627,1.079
11,Z011E0160,10.58,1.075
11,Z011E0163,6.164,1.079
11,Z011E0164,7.782,1.074
11,Z011E0165,10.83,1.077
11,Z011E0166,8.148,1.078
11,Z011E0169,11.43,1.072
11,Z011E0170,9.841,1.408
11,Z011E0171,11.13,1.078
11,Z011E0172,10.16,1.146
11,Z011E0173,9.286,1.083
11,Z011E0174,9.044,1.076
11,Z011E0175,11.51,1.073
11,Z011E0176,9.188,1.076
11,Z011E0177,9.958,1.077
11,Z011E0178,10.59,1.779
11,Z011E0180,12.57,1.076
11,Z011E0182,8.849,1.15
11,Z011E0183,10.09,1.405
11,Z011E0184,10.5,1.078
11,Z011E0185,11.78,1.077
11,Z011E0186,9.372,1.148
11,Z011E0187,8.193,1.075
11,Z011E0188,9.515,1.079
11,Z011E0189,9.462,1.075
11,Z011E0190,11.33,1.621
11,Z011E0191,12.37,1.5
11,Z011E0192,9.429,1.074
11,Z011E0193,11.4,1.148
11,Z011E0194,10.77,1.078
11,Z011E0195,11.27,1.504
11,Z011E0196,9.459,1.076
11,Z011E0197,10.08,1.147
11,Z011E0199,10.93,1.073
11,Z011E0200,7.687,1.146
11,Z011E0217,9.027,1.786
11,Z011E0226,10.66,1.072
11,Z011E0230,7.32,1.409
12,Z012E0001,8.733,1.519
12,Z012E0002,13.46,1.519
12,Z012E0003,6.442,1.528
12,Z012E0004,10.2,1.533
12,Z012E0005,9.928,1.53
12,Z012E0006,7.508,1.531
12,Z012E0007,7.378,1.528
12,Z012E0008,8.058,1.53
12,Z012E0009,7.463,1.528
12,Z012E0010,9.67,1.519
12,Z012E0011,10.67,1.527
12,Z012E0012,10.01,1.531
12,Z012E0013,8.168,1.531
12,Z012E0014,10.42,1.527
12,Z012E0015,11.19,1.519
12,Z012E0016,8.963,1.527
12,Z012E0017,8.674,1.527
12,Z012E0018,8.186,1.084
12,Z012E0019,9.817,1.085
12,Z012E0020,9.576,1.088
12,Z012E0021,10.9,1.528
12,Z012E0022,11.46,1.533
12,Z012E0023,9.216,1.528
12,Z012E0024,9.67,1.519
12,Z012E0025,11.37,1.084
12,Z012E0026,9.3,1.527
12,Z012E0027,10.33,1.524
12,Z012E0028,12.82,1.522
12,Z012E0029,9.693,1.528
12,Z012E0030,9.297,1.522
12,Z012E0031,10.11,1.522
12,Z012E0032,7.653,1.527
12,Z012E0033,9.079,1.53
12,Z012E0034,9.669,1.523
12,Z012E0035,9.157,1.087
12,Z012E0036,12.21,1.524
12,Z012E0037,7.244,1.531
12,Z012E0038,10.9,1.527
12,Z012E0039,12.83,1.519
12,Z012E0040,10.92,1.531
12,Z012E0041,9.837,1.085
12,Z012E0042,8.248,1.533
12,Z012E0043,9.581,1.161
12,Z012E0044,9.843,1.528
12,Z012E0045,9.885,1.088
12,Z012E0046,8.221,1.158
12,Z012E0047,8.854,1.527
12,Z012E0048,10.56,1.085
12,Z012E0049,13.43,1.524
12,Z012E0050,7.783,1.53
12,Z012E0051,10.06,1.524
12,Z012E0052,11.03,1.524
12,Z012E0053,9.109,1.523
12,Z012E0054,8.87,1.523
12,Z012E0055,7.917,1.527
12,Z012E0056,7.152,1.528
12,Z012E0057,11.61,1.519
12,Z012E0058,9.829,1.53
12,Z012E0059,9.414,1.527
12,Z012E0060,7.942,1.086
12,Z012E0061,9.314,1.522
12,Z012E0062,9.249,1.531
12,Z012E0063,9.639,1.53
12,Z012E0064,8.87,1.523
12,Z012E0065,10.44,1.527
12,Z012E0066,11.99,1.522
12,Z012E0067,11.26,1.533
12,Z012E0068,8.984,1.087
12,Z012E0069,7.692,1.53
12,Z012E0070,11.08,1.524
12,Z012E0071,11.03,1.524
12,Z012E0072,10.97,1.086
12,Z012E0073,12.33,1.086
12,Z012E0074,10.93,1.085
12,Z012E0075,8.129,1.531
12,Z012E0076,10.53,1.527
12,Z012E0077,10.76,1.533
12,Z012E0078,8.399,1.528
12,Z012E0079,9.667,1.533
12,Z012E0080,10.17,1.527
12,Z012E0081,11.3,1.083
12,Z012E0082,10.62,1.527
12,Z012E0083,8.621,1.087
12,Z012E0084,10.69,1.528
12,Z012E0085,9.222,1.158
12,Z012E0086,9.043,1.523
12,Z012E0087,12.59,1.522
12,Z012E0088,9.378,1.533
12,Z012E0089,12.03,1.153
12,Z012E0090,7.917,1.527
12,Z012E0091,10.68,1.527
12,Z012E0092,10.76,1.533
12,Z012E0093,10.37,1.523
12,Z012E0094,9.81,1.086
12,Z012E0095,9.378,1.533
12,Z012E0096,12.63,1.527
12,Z012E0097,9.956,1.533
12,Z012E0098,9.707,1.524
12,Z012E0099,10.06,1.083
12,Z012E0100,7.653,1.527
12,Z012E0101,11.82,1.527
12,Z012E0102,7.229,1.527
12,Z012E0103,10.08,1.157
12,Z012E0104,9.042,1.084
12,Z012E0106,13.45,1.533
12,Z012E0107,8.543,1.527
12,Z012E0108,7.288,1.519
12,Z012E0109,10.59,1.522
12,Z012E0110,9.322,1.527
12,Z012E0111,9.517,1.524
12,Z012E0112,8.635,1.531
12,Z012E0113,11.07,1.522
12,Z012E0114,7.132,1.53
12,Z012E0115,9.141,1.523
12,Z012E0116,8.543,1.527
12,Z012E0117,11.32,1.523
12,Z012E0118,11.18,1.527
12,Z012E0119,11.6,1.527
12,Z012E0120,11.36,1.527
12,Z012E0121,7.288,1.519
12,Z012E0122,11.44,1.527
12,Z012E0123,6.442,1.528
12,Z012E0124,10.76,1.524
12,Z012E0125,10.2,1.53
12,Z012E0126,7.294,1.086
12,Z012E0127,10.91,1.159
12,Z012E0128,10.37,1.794
12,Z012E0129,10.76,1.085
12,Z012E0130,9.079,1.53
12,Z012E0131,10.7,1.527
12,Z012E0132,8.026,1.799
12,Z012E0133,6.189,1.801
12,Z012E0134,8.36,1.528
12,Z012E0135,8.023,1.528
12,Z012E0136,10.71,1.531
12,Z012E0137,11.15,1.528
12,Z012E0138,7.334,1.523
12,Z012E0139,9.773,1.524
12,Z012E0140,8.731,1.533
12,Z012E0141,10.9,1.158
12,Z012E0142,7.441,1.522
12,Z012E0143,7.814,1.085
12,Z012E0144,13.26,1.523
12,Z012E0145,9.068,1.533
12,Z012E0146,9.318,1.528
12,Z012E0147,13.26,1.531
12,Z012E0148,12.59,1.531
12,Z012E0149,8.049,1.519
12,Z012E0150,11.62,1.086
12,Z012E0151,8.758,1.533
12,Z012E0152,11.09,1.523
12,Z012E0153,8.768,1.53
12,Z012E0154,13.21,1.527
12,Z012E0155,11.5,1.519
12,Z012E0157,10.06,1.524
12,Z012E0158,10.71,1.531
12,Z012E0159,8.733,1.519
12,Z012E0160,10.79,1.088
12,Z012E0161,9.685,1.527
12,Z012E0163,7.818,1.531
12,Z012E0164,8.802,1.086
12,Z012E0165,8.451,1.53
12,Z012E0166,10.01,1.531
12,Z012E0167,8.734,1.527
12,Z012E0168,9.104,1.084
12,Z012E0169,10.2,1.53
12,Z012E0170,9.011,1.085
12,Z012E0171,8.649,1.522
12,Z012E0172,8.517,1.088
12,Z012E0173,9.249,1.531
12,Z012E0174,10.36,1.522
12,Z012E0175,9.359,1.519
12,Z012E0176,10.96,1.519
12,Z012E0177,9.246,1.524
12,Z012E0178,9.368,1.53
12,Z012E0179,12.63,1.533
12,Z012E0180,10.17,1.523
12,Z012E0181,8.991,1.53
12,Z012E0182,10.44,1.533
12,Z012E0183,11.71,1.531
12,Z012E0184,9.368,1.53
12,Z012E0185,8.992,1.158
12,Z012E0186,10.92,1.531
12,Z012E0187,7.832,1.523
12,Z012E0188,8.023,1.528
12,Z012E0189,10.4,1.523
12,Z012E0190,9.553,1.522
12,Z012E0191,9.39,1.084
12,Z012E0192,5.427,1.799
12,Z012E0193,8.935,1.524
12,Z012E0194,9.762,1.531
12,Z012E0195,10.68,1.527
12,Z012E0196,11.99,1.522
12,Z012E0197,9.595,1.087
12,Z012E0198,8.688,1.528
12,Z012E0199,10.33,1.524
12,Z012E0200,11.84,1.53
12,Z012E0231,10.59,1.524
13,Z013E0003,11.86,1.437
13,Z013E0010,8.853,1.437
13,Z013E0011,11.85,1.437
13,Z013E0018,9.357,1.437
13,Z013E0025,9.949,1.437
13,Z013E0032,6.764,1.437
13,Z013E0035,8.177,1.437
13,Z013E0042,7.998,1.437
13,Z013E0043,8.788,1.646
13,Z013E0047,9.627,1.437
13,Z013E0051,6.266,1.437
13,Z013E0055,6.909,1.437
13,Z013E0058,9.901,1.437
13,Z013E0061,8.925,1.437
13,Z013E0062,9.661,1.437
13,Z013E0069,8.988,1.437
13,Z013E0071,7.379,1.437
13,Z013E0078,9.428,1.437
13,Z013E0085,9.187,1.437
13,Z013E0093,7.314,1.437
13,Z013E0095,8.376,1.437
13,Z013E0099,8.82,1.437
13,Z013E0106,6.53,1.646
13,Z013E0109,8.179,1.437
13,Z013E0111,11.31,1.646
13,Z013E0112,10.5,1.437
13,Z013E0113,10.1,1.437
13,Z013ESBreplace14,8.777,1.437
13,Z013ESBreplace28,7.059,1.437
13,Z013ESBreplace38,9.113,1.437
13,Z013ESBreplace40,4.726,1.437
13,Z013ESBreplace44,7.543,1.646
13,Z013ESBreplace45,7.651,1.437
13,Z013ESBreplace6,10.87,1.646
13,Z013ESBreplace62,8.015,1.437
13,Z013ESBreplace63,7.664,1.437
13,Z013ESBreplace66,8.55,1.437
15,Z015E0001,9.566,1.439
15,Z015E0002,9.455,1.439
15,Z015E0003,7.07,1.439
15,Z015E0004,6.946,1.449
15,Z015E0005,7.752,1.449
15,Z015E0006,8.662,1.439
15,Z015E0007,6.893,1.423
15,Z015E0008,8.61,1.439
15,Z015E0009,8.501,1.439
15,Z015E0010,10.66,1.439
15,Z015E0011,8.663,1.449
15,Z015E0012,7.768,1.439
15,Z015E0013,9.832,1.449
15,Z015E0014,10.39,1.439
15,Z015E0015,8.924,1.439
15,Z015E0016,9.919,1.439
15,Z015E0017,10.23,1.439
15,Z015E0019,7.193,1.449
15,Z015E0020,8.756,1.449
15,Z015E0021,9.178,1.439
15,Z015E0022,12.49,1.439
15,Z015E0023,6.946,1.423
15,Z015E0024,8.329,1.439
15,Z015E0026,13.37,1.423
15,Z015E0027,7.551,1.439
15,Z015E0028,10.52,1.439
15,Z015E0029,8.325,1.439
15,Z015E0030,8.077,1.449
15,Z015E0031,6.715,1.439
15,Z015E0032,9.988,1.439
15,Z015E0033,9.592,1.439
15,Z015E0034,10.71,1.439
15,Z015E0035,9.686,1.439
15,Z015E0036,7.807,1.439
15,Z015E0037,8.704,1.439
15,Z015E0038,8.666,1.439
15,Z015E0039,6.913,1.439
15,Z015E0040,11.32,1.439
15,Z015E0041,9.128,1.439
15,Z015E0042,7.666,1.439
15,Z015E0043,6.58,1.439
15,Z015E0044,11.43,1.449
15,Z015E0045,10.88,1.439
15,Z015E0046,10.09,1.439
15,Z015E0047,11.43,1.439
15,Z015E0048,7.547,1.439
15,Z015E0049,10.91,1.439
15,Z015E0050,7.883,1.423
15,Z015E0051,10.96,1.439
15,Z015E0052,10.47,1.439
15,Z015E0053,8.241,1.439
15,Z015E0054,8.987,1.439
15,Z015E0055,7.075,1.439
15,Z015E0056,9.57,1.634
15,Z015E0057,9.83,1.439
15,Z015E0058,5.86,1.449
15,Z015E0059,10.32,1.439
15,Z015E0060,10.46,1.439
15,Z015E0061,10.33,1.439
15,Z015E0062,9.539,1.439
15,Z015E0063,9.017,1.439
15,Z015E0064,6.846,1.423
15,Z015E0065,11.06,1.439
15,Z015E0066,8.891,1.439
15,Z015E0067,8.981,1.439
15,Z015E0068,5.62,1.449
15,Z015E0069,7.662,1.449
15,Z015E0070,8.864,1.439
15,Z015E0071,5.462,1.439
15,Z015E0072,10.13,1.439
15,Z015E0073,8.007,1.439
15,Z015E0074,8.141,1.439
15,Z015E0075,7.156,1.423
15,Z015E0076,9.356,1.439
15,Z015E0077,8.045,1.439
15,Z015E0078,8.657,1.648
15,Z015E0079,8.169,1.439
15,Z015E0080,11.17,1.439
15,Z015E0081,9.399,1.439
15,Z015E0082,9.765,1.439
15,Z015E0083,9.317,1.439
15,Z015E0084,9.206,1.648
15,Z015E0085,7.233,1.423
15,Z015E0086,7.911,1.648
15,Z015E0088,12.22,1.439
15,Z015E0089,10.04,1.439
15,Z015E0090,10.03,1.439
15,Z015E0091,11.52,1.439
15,Z015E0092,8.747,1.439
15,Z015E0093,10.01,1.439
15,Z015E0094,7.868,1.449
15,Z015E0095,7.21,1.423
15,Z015E0096,12.39,1.439
15,Z015E0097,9.591,1.439
15,Z015E0099,11.25,1.439
15,Z015E0100,6.365,1.439
15,Z015E0101,9.233,1.439
15,Z015E0102,6.297,1.439
15,Z015E0103,7.819,1.423
15,Z015E0104,9.144,1.439
15,Z015E0105,11.94,1.439
15,Z015E0106,10.97,1.439
15,Z015E0107,7.309,1.439
15,Z015E0109,7.292,1.449
15,Z015E0110,12.43,1.439
15,Z015E0111,8.989,1.423
15,Z015E0113,7.494,1.423
15,Z015E0114,10.03,1.439
15,Z015E0116,7.487,1.439
15,Z015E0118,8.55,1.439
15,Z015E0119,9.374,1.439
15,Z015E0120,10.69,1.423
15,Z015E0123,10.44,1.439
15,Z015E0124,8.834,1.423
15,Z015E0125,10.37,1.439
15,Z015E0126,6.044,1.439
15,Z015E0127,9.063,1.439
15,Z015E0128,7.278,1.439
15,Z015E0129,9.092,1.439
15,Z015E0130,7.665,1.439
15,Z015E0131,8.224,1.439
15,Z015E0132,8.898,1.439
15,Z015E0133,9.599,1.439
15,Z015E0134,7.35,1.439
15,Z015E0135,7.105,1.439
15,Z015E0136,10.68,1.439
15,Z015E0137,11.34,1.439
15,Z015E0138,7.333,1.423
15,Z015E0139,8.469,1.439
15,Z015E0140,7.581,1.439
15,Z015E0141,12.06,1.449
15,Z015E0142,10.16,1.439
15,Z015E0143,7.038,1.449
15,Z015E0144,7.935,1.439
15,Z015E0145,10.07,1.439
15,Z015E0146,9.902,1.439
15,Z015E0147,10.09,1.449
15,Z015E0148,8.904,1.439
15,Z015E0149,10.4,1.439
15,Z015E0150,7.055,1.423
15,Z015E0151,9.871,1.439
15,Z015E0152,7.517,1.439
15,Z015E0153,7.257,1.439
15,Z015E0154,7.799,1.439
15,Z015E0155,8.569,1.439
15,Z015E0156,5.615,1.449
15,Z015E0157,8.64,1.439
15,Z015E0158,10.43,1.439
15,Z015E0159,10.35,1.439
15,Z015E0160,9.739,1.439
15,Z015E0161,8.071,1.439
15,Z015E0162,9.519,1.439
15,Z015E0163,8.844,1.439
15,Z015E0164,11.5,1.439
15,Z015E0165,5.698,1.439
15,Z015E0166,9.805,1.439
15,Z015E0167,6.973,1.439
15,Z015E0168,9.977,1.449
15,Z015E0169,9.429,1.449
15,Z015E0170,4.609,1.439
15,Z015E0171,7.228,1.439
15,Z015E0172,10.06,1.439
15,Z015E0173,8.88,1.439
15,Z015E0174,10.2,1.439
15,Z015E0175,9.442,1.439
15,Z015E0176,8.894,1.439
15,Z015E0177,10.11,1.439
15,Z015E0178,11.6,1.439
15,Z015E0179,9.413,1.439
15,Z015E0180,7.437,1.439
15,Z015E0181,9.621,1.439
15,Z015E0182,9.322,1.439
15,Z015E0183,11.23,1.439
15,Z015E0185,11.8,1.439
15,Z015E0186,5.424,1.439
15,Z015E0187,4.685,1.449
15,Z015E0188,7.823,1.439
15,Z015E0189,8.524,1.439
15,Z015E0190,7.915,1.423
15,Z015E0191,9.43,1.439
15,Z015E0192,7.539,1.439
15,Z015E0193,10.37,1.439
15,Z015E0194,8.713,1.439
15,Z015E0195,10.8,1.439
15,Z015E0196,8.965,1.439
15,Z015E0197,8.897,1.439
15,Z015E0198,9.216,1.439
15,Z015E0199,7.913,1.439
15,Z015E0200,6.207,1.439
15,Z015E0203,5.698,1.439
15,Z015E0230,12.48,1.439
15,Z015E0232,9.995,1.439
15,Z015E0235,8.843,1.439
15,Z015E0237,10.89,1.439
15,Z015E0238,9.393,1.423
15,Z015E0242,9.448,1.439
15,Z015E0243,6.569,1.439
15,Z015ESBreplace1,11.86,1.439
16,Z016E0001,14.02,1.527
16,Z016E0002,7.836,1.531
16,Z016E0004,11.21,1.545
16,Z016E0005,7.076,1.531
16,Z016E0006,9.428,1.524
16,Z016E0008,9.908,1.531
16,Z016E0009,9.661,1.524
16,Z016E0010,10.64,1.518
16,Z016E0012,8.201,1.158
16,Z016E0014,8.686,1.531
16,Z016E0015,8.894,1.528
16,Z016E0016,11.1,1.518
16,Z016E0017,9.278,1.534
16,Z016E0018,8.428,1.573
16,Z016E0019,12.67,1.531
16,Z016E0020,6.512,1.524
16,Z016E0021,9.583,1.531
16,Z016E0022,9.659,1.528
16,Z016E0024,6.868,1.531
16,Z016E0025,10.62,1.524
16,Z016E0026,7.84,1.089
16,Z016E0027,11.18,1.528
16,Z016E0028,8.309,1.541
16,Z016E0029,12.29,1.531
16,Z016E0031,10.1,1.524
16,Z016E0032,11.03,1.527
16,Z016E0033,7.572,1.531
16,Z016E0034,10.87,1.518
16,Z016E0035,9.864,1.094
16,Z016E0036,12.23,1.531
16,Z016E0037,7.813,1.534
16,Z016E0038,10.09,1.814
16,Z016E0039,5.181,1.541
16,Z016E0040,9.613,1.524
16,Z016E0042,11.67,1.545
16,Z016E0043,9.037,1.531
16,Z016E0044,6.365,1.531
16,Z016E0045,10.92,1.531
16,Z016E0046,10.09,1.09
16,Z016E0047,7.44,1.534
16,Z016E0049,10.34,1.531
16,Z016E0050,11.95,1.573
16,Z016E0051,9.659,1.528
16,Z016E0053,10.14,1.518
16,Z016E0055,13.96,1.086
16,Z016E0056,7.731,1.527
16,Z016E0057,8.048,1.814
16,Z016E0058,8.638,1.528
16,Z016E0059,10.6,1.545
16,Z016E0060,7.836,1.531
16,Z016E0061,12.86,1.541
16,Z016E0062,7.128,1.541
16,Z016E0063,12.09,1.524
16,Z016E0064,5.331,1.531
16,Z016E0065,7.754,1.094
16,Z016E0066,9.056,1.087
16,Z016E0067,9.272,1.088
16,Z016E0069,5.696,1.16
16,Z016E0070,12.9,1.545
16,Z016E0071,9.469,1.814
16,Z016E0072,12.17,1.09
16,Z016E0073,10.02,1.087
16,Z016E0074,9.57,1.531
16,Z016E0075,9.929,1.524
16,Z016E0077,7.861,1.531
16,Z016E0078,10.02,1.541
16,Z016E0079,11.94,1.545
16,Z016E0082,10.29,1.086
16,Z016E0083,10.34,1.802
16,Z016E0084,10.51,1.527
16,Z016E0085,6.512,1.796
16,Z016E0086,8.421,1.545
16,Z016E0087,9.081,1.412
16,Z016E0088,12.09,1.089
16,Z016E0089,8.202,1.573
16,Z016E0091,8.85,1.573
16,Z016E0092,8.686,1.531
16,Z016E0093,11.83,1.531
16,Z016E0094,9.197,1.09
16,Z016E0095,13.43,1.79
16,Z016E0097,9.622,1.531
16,Z016E0098,13.61,1.534
16,Z016E0099,12.3,1.084
16,Z016E0100,8.57,1.158
16,Z016E0102,8.474,1.084
16,Z016E0103,9.676,1.528
16,Z016E0104,8.309,1.541
16,Z016E0106,4.973,1.541
16,Z016E0107,9.16,1.837
16,Z016E0108,8.708,1.087
16,Z016E0109,7.572,1.531
16,Z016E0110,12.3,1.527
16,Z016E0111,9.978,1.798
16,Z016E0112,14.1,1.518
16,Z016E0115,8.509,1.531
16,Z016E0116,7.118,1.573
16,Z016E0117,7.804,1.518
16,Z016E0118,10.3,1.085
16,Z016E0119,10.44,1.531
16,Z016E0120,10.02,1.541
16,Z016E0121,7.201,1.814
16,Z016E0122,5.588,1.534
16,Z016E0123,10.59,1.155
16,Z016E0125,10.06,1.534
16,Z016E0126,9.348,1.528
16,Z016E0127,7.262,1.531
16,Z016E0129,12.1,1.527
16,Z016E0130,11.42,1.531
16,Z016E0131,10.79,1.837
16,Z016E0132,12.18,1.409
16,Z016E0133,11.77,1.086
16,Z016E0134,12.06,1.087
16,Z016E0135,7.43,1.528
16,Z016E0136,6.791,1.541
16,Z016E0137,11.41,1.531
16,Z016E0138,11.06,1.088
16,Z016E0139,15.35,1.528
16,Z016E0141,8.202,1.573
16,Z016E0142,9.428,1.524
16,Z016E0143,7.875,1.518
16,Z016E0145,9.911,1.802
16,Z016E0147,8.559,1.541
16,Z016E0148,9.738,1.837
16,Z016E0149,7.807,1.796
16,Z016E0150,7.789,1.094
16,Z016E0151,9.914,1.09
16,Z016E0152,9.578,1.518
16,Z016E0153,9.348,1.528
16,Z016E0154,9.373,1.531
16,Z016E0155,11.24,1.524
16,Z016E0156,7.225,1.534
16,Z016E0157,8.759,1.545
16,Z016E0158,12.81,1.153
16,Z016E0160,6.512,1.524
16,Z016E0161,7.842,1.156
16,Z016E0162,14.27,1.528
16,Z016E0163,11.03,1.527
16,Z016E0164,17.16,1.528
16,Z016E0165,9.09,1.527
16,Z016E0167,8.795,1.814
16,Z016E0168,9.379,1.527
16,Z016E0169,12.14,1.089
16,Z016E0170,10.06,1.084
16,Z016E0171,8.47,1.531
16,Z016E0172,9.379,1.527
16,Z016E0173,11.52,1.527
16,Z016E0174,8.686,1.531
16,Z016E0175,9.77,1.089
16,Z016E0176,7.118,1.837
16,Z016E0177,7.159,1.524
16,Z016E0178,11.43,1.528
16,Z016E0180,8.524,1.534
16,Z016E0181,11.19,1.159
16,Z016E0182,11.44,1.531
16,Z016E0183,11.73,1.527
16,Z016E0184,10.84,1.518
16,Z016E0185,11.75,1.837
16,Z016E0186,10.02,1.541
16,Z016E0187,12.73,1.534
16,Z016E0188,9.469,1.545
16,Z016E0189,8.788,1.528
16,Z016E0190,6.192,1.573
16,Z016E0191,9.447,1.092
16,Z016E0192,9.793,1.541
16,Z016E0193,11.32,1.81
16,Z016E0194,14.52,1.518
16,Z016E0195,14.1,1.524
16,Z016E0196,11.91,1.086
16,Z016E0197,8.645,1.545
16,Z016E0198,8.115,1.412
16,Z016E0199,9.611,1.518
16,Z016E0200,10.25,1.541
16,Z016E0213,9.077,1.528
16,Z016E0220,7.767,1.528
16,Z016E0238,8.375,1.531
16,Z016E0251,9.96,1.527
16,Z016E0254,7.023,1.086
16,Z016ESBreplace1,12.3,1.528
18,Z018E0001,7.511,1.527
18,Z018E0002,9.11,1.41
18,Z018E0003,5.783,1.521
18,Z018E0004,5.555,1.537
18,Z018E0005,8.115,1.821
18,Z018E0006,7.066,1.794
18,Z018E0007,6.299,1.558
18,Z018E0008,11.9,1.521
18,Z018E0009,9.008,1.086
18,Z018E0010,7.744,1.558
18,Z018E0011,11.27,1.089
18,Z018E0012,7.228,1.521
18,Z018E0013,9.73,1.521
18,Z018E0015,9.393,1.521
18,Z018E0016,10.87,1.088
18,Z018E0017,10.98,1.084
18,Z018E0018,8.852,1.521
18,Z018E0019,9.252,1.799
18,Z018E0020,9.771,1.521
18,Z018E0021,9.029,1.086
18,Z018E0022,7.413,1.088
18,Z018E0023,10.44,1.521
18,Z018E0024,11.85,1.524
18,Z018E0025,6.72,1.521
18,Z018E0026,10.14,1.558
18,Z018E0027,7.377,1.521
18,Z018E0028,9.46,1.521
18,Z018E0029,7.174,1.527
18,Z018E0030,10.02,1.535
18,Z018E0031,4.986,1.521
18,Z018E0032,9.755,1.521
18,Z018E0033,8.812,1.537
18,Z018E0034,9.765,1.799
18,Z018E0035,8.561,1.558
18,Z018E0036,6.207,1.521
18,Z018E0038,7.98,1.521
18,Z018E0039,12.84,1.521
18,Z018E0040,9.369,1.524
18,Z018E0041,9.483,1.554
18,Z018E0042,10,1.535
18,Z018E0043,10.96,1.535
18,Z018E0045,9.771,1.521
18,Z018E0047,8.692,1.521
18,Z018E0048,9.107,1.796
18,Z018E0049,8.819,1.535
18,Z018E0050,6.473,1.527
18,Z018E0051,3.561,1.558
18,Z018E0052,11.12,1.158
18,Z018E0053,7.228,1.807
18,Z018E0054,8.71,1.086
18,Z018E0055,7.546,1.087
18,Z018E0057,10.53,1.821
18,Z018E0058,9.771,1.521
18,Z018E0059,12.2,1.527
18,Z018E0060,10.62,1.09
18,Z018E0061,9.426,1.527
18,Z018E0063,4.87,1.558
18,Z018E0064,5.601,1.41
18,Z018E0065,9.084,1.537
18,Z018E0066,9.771,1.521
18,Z018E0067,8.9,1.521
18,Z018E0068,10.59,1.088
18,Z018E0069,7.398,1.805
18,Z018E0070,6.964,1.087
18,Z018E0071,8.432,1.796
18,Z018E0072,7.795,1.154
18,Z018E0073,9.101,1.537
18,Z018E0074,10.64,1.807
18,Z018E0075,7.665,1.521
18,Z018E0076,11.38,1.535
18,Z018E0077,9.418,1.524
18,Z018E0078,8.015,1.088
18,Z018E0079,9.21,1.793
18,Z018E0080,9.753,1.521
18,Z018E0081,9.828,1.521
18,Z018E0082,8.206,1.521
18,Z018E0083,9.97,1.554
18,Z018E0084,8.99,1.086
18,Z018E0085,10.04,1.521
18,Z018E0086,9.222,1.088
18,Z018E0087,8.753,1.088
18,Z018E0088,6.299,1.558
18,Z018E0089,6.391,1.794
18,Z018E0090,8.453,1.521
18,Z018E0091,9.729,1.535
18,Z018E0092,14.62,1.521
18,Z018E0093,8.677,1.558
18,Z018E0094,7.655,1.554
18,Z018E0095,10.82,1.521
18,Z018E0096,6.246,1.093
18,Z018E0097,8.265,1.794
18,Z018E0098,6.039,1.527
18,Z018E0100,8.079,1.554
18,Z018E0101,12.19,1.521
18,Z018E0102,8.397,1.524
18,Z018E0103,5.502,1.41
18,Z018E0104,8.536,1.521
18,Z018E0105,14.37,1.41
18,Z018E0106,10.09,1.086
18,Z018E0107,8.981,1.527
18,Z018E0108,10.14,1.524
18,Z018E0109,10.27,1.794
18,Z018E0111,10.13,1.095
18,Z018E0112,9.788,1.793
18,Z018E0113,7.686,1.524
18,Z018E0114,8.628,1.521
18,Z018E0115,10.82,1.535
18,Z018E0116,7.916,1.085
18,Z018E0117,10.29,1.535
18,Z018E0118,8.144,1.825
18,Z018E0119,12.25,1.535
18,Z018E0120,9.08,1.524
18,Z018E0121,11.35,1.524
18,Z018E0122,7.361,1.086
18,Z018E0124,11.52,1.521
18,Z018E0125,9.34,1.537
18,Z018E0126,13.07,1.554
18,Z018E0127,6.76,1.524
18,Z018E0128,9.649,1.088
18,Z018E0129,6.521,1.821
18,Z018E0130,12.49,1.527
18,Z018E0131,7.69,1.085
18,Z018E0132,8.452,1.554
18,Z018E0133,11.45,1.41
18,Z018E0134,10.31,1.524
18,Z018E0135,10.5,1.535
18,Z018E0136,5.875,1.825
18,Z018E0138,10.38,1.537
18,Z018E0140,7.821,1.527
18,Z018E0142,9.418,1.524
18,Z018E0143,9.227,1.521
18,Z018E0144,8.079,1.554
18,Z018E0145,7.899,1.085
18,Z018E0146,8.9,1.521
18,Z018E0147,7.876,1.521
18,Z018E0148,8.167,1.085
18,Z018E0149,9.729,1.535
18,Z018E0150,8.397,1.524
18,Z018E0151,8.079,1.554
18,Z018E0152,6.242,1.521
18,Z018E0154,8.708,1.535
18,Z018E0155,7.228,1.537
18,Z018E0158,9.986,1.521
18,Z018E0159,7.876,1.537
18,Z018E0160,6.855,1.537
18,Z018E0161,10.64,1.521
18,Z018E0162,9.729,1.535
18,Z018E0163,8.748,1.521
18,Z018E0164,7.192,1.537
18,Z018E0165,6.058,1.537
18,Z018E0166,12.39,1.085
18,Z018E0167,6.049,1.521
18,Z018E0168,8.948,1.527
18,Z018E0169,9.988,1.821
18,Z018E0170,9.41,1.554
18,Z018E0171,10.26,1.554
18,Z018E0172,9.456,1.09
18,Z018E0173,10.23,1.524
18,Z018E0174,10.29,1.535
18,Z018E0176,7.484,1.527
18,Z018E0177,9.188,1.521
18,Z018E0178,7.455,1.521
18,Z018E0179,9.826,1.089
18,Z018E0180,9.051,1.554
18,Z018E0181,10.19,1.535
18,Z018E0183,7.821,1.527
18,Z018E0185,8.7,1.087
18,Z018E0186,7.565,1.521
18,Z018E0187,8.638,1.527
18,Z018E0188,10.16,1.807
18,Z018E0189,9.627,1.087
18,Z018E0190,7.969,1.088
18,Z018E0191,11.76,1.521
18,Z018E0192,8.9,1.521
18,Z018E0195,12.17,1.521
18,Z018E0196,11.27,1.521
18,Z018E0197,6.531,1.521
18,Z018E0198,7.502,1.537
18,Z018E0199,9.808,1.794
18,Z018E0200,7.341,1.085
18,Z018E0220,11.77,1.535
18,Z018E0223,6.377,1.527
18,Z018E0228,7.344,1.086
19,Z019E0009,11.4,1.45
19,Z019E0014,10.77,1.45
19,Z019E0017,9.622,1.45
19,Z019E0020,12.02,1.657
19,Z019E0025,8.899,1.45
19,Z019E0026,10.87,1.45
19,Z019E0028,9.772,1.45
19,Z019E0033,8.157,1.657
19,Z019E0035,12.16,1.45
19,Z019E0038,10.02,1.45
19,Z019E0041,9.699,1.45
19,Z019E0056,11.1,1.45
19,Z019E0057,9.898,1.45
19,Z019E0060,10.27,1.45
19,Z019E0064,11.32,1.45
19,Z019E0065,10.34,1.45
19,Z019E0066,8.469,1.45
19,Z019E0069,7.859,1.657
19,Z019E0078,7.889,1.45
19,Z019E0080,7.709,1.45
19,Z019E0090,6.758,1.45
19,Z019E0098,10.46,1.45
19,Z019E0100,9.44,1.45
19,Z019E0105,9.466,1.657
19,Z019E0113,10.38,1.45
19,Z019E0138,8.501,1.45
19,Z019E0143,7.893,1.45
19,Z019E0145,8.141,1.45
19,Z019E0149,7.877,1.45
19,Z019E0152,10.87,1.45
19,Z019E0168,11.66,1.45
19,Z019E0171,10.32,1.45
19,Z019E0172,9.902,1.45
19,Z019E0176,8.182,1.45
19,Z019E0178,11.08,1.45
19,Z019E0183,9.337,1.45
19,Z019E0184,9.588,1.45
19,Z019E0187,9.836,1.45
19,Z019E0197,11.68,1.45
19,Z019E0198,9.455,1.45
21,Z021E0001,6.008,1.439
21,Z021E0002,5.785,1.648
21,Z021E0003,10.4,1.439
21,Z021E0004,10.53,1.439
21,Z021E0005,10.04,1.648
21,Z021E0006,9.159,1.439
21,Z021E0007,10.17,1.439
21,Z021E0008,9.263,1.439
21,Z021E0009,7.157,1.439
21,Z021E0010,11.94,1.439
21,Z021E0011,6.085,1.439
21,Z021E0012,9.413,1.439
21,Z021E0013,10.59,1.439
21,Z021E0014,7.966,1.439
21,Z021E0015,8.806,1.439
21,Z021E0016,7.926,1.439
21,Z021E0017,8.823,1.439
21,Z021E0019,6.628,1.439
21,Z021E0020,8.237,1.439
21,Z021E0022,8.54,1.439
21,Z021E0023,9.084,1.439
21,Z021E0024,6.867,1.465
21,Z021E0025,7.628,1.439
21,Z021E0026,9.135,1.439
21,Z021E0027,8.994,1.439
21,Z021E0028,6.372,1.439
21,Z021E0029,8.899,1.439
21,Z021E0030,9.995,1.439
21,Z021E0031,7.882,1.439
21,Z021E0032,6.236,1.439
21,Z021E0033,7.163,1.439
21,Z021E0034,8.507,1.439
21,Z021E0035,9.568,1.439
21,Z021E0036,7.675,1.465
21,Z021E0037,8.993,1.439
21,Z021E0038,10.28,1.648
21,Z021E0039,10.43,1.439
21,Z021E0040,9.2,1.439
21,Z021E0041,8.06,1.439
21,Z021E0042,8.325,1.439
21,Z021E0043,11.07,1.465
21,Z021E0044,7.061,1.439
21,Z021E0045,8.389,1.648
21,Z021E0046,7.783,1.439
21,Z021E0047,6.568,1.671
21,Z021E0048,7.522,1.439
21,Z021E0049,6.326,1.439
21,Z021E0050,8.841,1.465
21,Z021E0051,7.692,1.439
21,Z021E0052,9.681,1.465
21,Z021E0053,9.584,1.439
21,Z021E0054,6.266,1.439
21,Z021E0055,6.922,1.648
21,Z021E0056,7.718,1.439
21,Z021E0057,9.732,1.439
21,Z021E0058,8.656,1.439
21,Z021E0059,14.2,1.648
21,Z021E0060,11.15,1.439
21,Z021E0061,8.414,1.439
21,Z021E0062,8.174,1.439
21,Z021E0063,7.444,1.648
21,Z021E0064,8.662,1.439
21,Z021E0065,8.174,1.439
21,Z021E0066,7.316,1.439
21,Z021E0067,8.174,1.439
21,Z021E0069,9.176,1.648
21,Z021E0070,9.879,1.439
21,Z021E0071,9.775,1.439
21,Z021E0072,8.076,1.439
21,Z021E0073,9.344,1.465
21,Z021E0074,8.128,1.439
21,Z021E0075,5.982,1.439
21,Z021E0076,7.132,1.439
21,Z021E0077,11.44,1.439
21,Z021E0078,7.065,1.439
21,Z021E0079,9.996,1.439
21,Z021E0080,9.681,1.439
21,Z021E0081,9.521,1.439
21,Z021E0082,8.28,1.439
21,Z021E0083,8.199,1.465
21,Z021E0084,6.989,1.439
21,Z021E0085,7.864,1.439
21,Z021E0086,8.144,1.439
21,Z021E0087,6.024,1.439
21,Z021E0088,10.75,1.439
21,Z021E0089,8.686,1.439
21,Z021E0090,6.037,1.439
21,Z021E0091,10.69,1.439
21,Z021E0092,11.46,1.439
21,Z021E0093,7.182,1.439
21,Z021E0094,7.455,1.439
21,Z021E0096,10.36,1.439
21,Z021E0097,9.224,1.439
21,Z021E0098,10.14,1.648
21,Z021E0099,12.29,1.439
21,Z021E0100,6.831,1.439
21,Z021E0101,9.611,1.439
21,Z021E0102,7.397,1.648
21,Z021E0103,7.781,1.439
21,Z021E0104,7.248,1.439
21,Z021E0105,11.63,1.439
21,Z021E0106,11.67,1.439
21,Z021E0107,8.622,1.439
21,Z021E0108,8.298,1.439
21,Z021E0109,8.357,1.439
21,Z021E0110,6.41,1.439
21,Z021E0111,7.113,1.439
21,Z021E0112,10.77,1.439
21,Z021E0113,10.34,1.439
21,Z021E0114,6.705,1.439
21,Z021E0115,9.507,1.439
21,Z021E0116,9.577,1.439
21,Z021E0117,8.943,1.439
21,Z021E0118,10.14,1.648
21,Z021E0119,7.621,1.465
21,Z021E0120,7.529,1.439
21,Z021E0121,6.505,1.439
21,Z021E0122,6.983,1.439
21,Z021E0123,5.623,1.465
21,Z021E0124,5.808,1.439
21,Z021E0125,6.711,1.439
21,Z021E0126,6.442,1.439
21,Z021E0127,9.333,1.439
21,Z021E0128,9.592,1.439
21,Z021E0129,10.91,1.648
21,Z021E0130,9.472,1.439
21,Z021E0131,9.294,1.465
21,Z021E0133,8.845,1.439
21,Z021E0134,9.807,1.648
21,Z021E0135,8.66,1.439
21,Z021E0136,8.638,1.439
21,Z021E0137,8.208,1.439
21,Z021E0138,8.946,1.648
21,Z021E0139,7.576,1.465
21,Z021E0140,8.725,1.648
21,Z021E0141,6.109,1.439
21,Z021E0144,8.486,1.439
21,Z021E0145,10.51,1.648
21,Z021E0146,9.26,1.439
21,Z021E0147,6.907,1.439
21,Z021E0148,7.156,1.439
21,Z021E0149,10.01,1.439
21,Z021E0150,8.906,1.439
21,Z021E0151,7.473,1.439
21,Z021E0152,7.009,1.465
21,Z021E0153,9.046,1.439
21,Z021E0154,7.515,1.439
21,Z021E0155,9.108,1.439
21,Z021E0156,7.861,1.439
21,Z021E0157,10.39,1.439
21,Z021E0158,8.768,1.439
21,Z021E0159,7.56,1.465
21,Z021E0160,7.563,1.439
21,Z021E0161,13.4,1.648
21,Z021E0162,8.111,1.439
21,Z021E0163,9.602,1.439
21,Z021E0166,8.501,1.439
21,Z021E0167,9.611,1.439
21,Z021E0168,10.46,1.439
21,Z021E0169,8.146,1.439
21,Z021E0170,8.57,1.439
21,Z021E0172,7.664,1.439
21,Z021E0173,8.529,1.439
21,Z021E0174,4.938,1.439
21,Z021E0175,9.802,1.439
21,Z021E0176,9.719,1.439
21,Z021E0178,10.54,1.439
21,Z021E0179,8.707,1.465
21,Z021E0180,6.364,1.648
21,Z021E0181,5.556,1.439
21,Z021E0182,13.1,1.439
21,Z021E0183,12.08,1.439
21,Z021E0184,8.398,1.439
21,Z021E0185,4.367,1.439
21,Z021E0187,9.281,1.465
21,Z021E0188,9.017,1.439
21,Z021E0189,7.604,1.465
21,Z021E0190,10.26,1.439
21,Z021E0191,7.584,1.439
21,Z021E0192,8.692,1.439
21,Z021E0193,10.34,1.439
21,Z021E0194,8.618,1.439
21,Z021E0195,8.327,1.439
21,Z021E0196,9.822,1.439
21,Z021E0197,9.588,1.439
21,Z021E0198,7.189,1.439
21,Z021E0199,10.05,1.439
21,Z021E0200,5.832,1.439
21,Z021E0205,7.401,1.439
21,Z021E0216,7.163,1.439
21,Z021E0235,9.679,1.648
21,Z021E0239,7.266,1.439
21,Z021E0241,7.218,1.439
21,Z021ESBreplace1,8.836,1.648
21,Z021ESBreplace2,9.771,1.439
21,Z021ESBreplace3,11.14,1.465
21,Z021ESBreplace4,7.992,1.439
22,Z022E0005,8.143,1.45
22,Z022E0009,8.78,1.45
22,Z022E0018,9.752,1.45
22,Z022E0030,7.697,1.45
22,Z022E0032,8.135,1.45
22,Z022E0043,9.219,1.45
22,Z022E0049,6.753,1.45
22,Z022E0052,9.809,1.45
22,Z022E0054,9.224,1.45
22,Z022E0061,9.644,1.45
22,Z022E0069,10.16,1.45
22,Z022E0073,8.319,1.45
22,Z022E0077,8.597,1.45
22,Z022E0078,10.58,1.45
22,Z022E0079,9.708,1.45
22,Z022E0080,8.017,1.45
22,Z022E0083,6.685,1.45
22,Z022E0089,8.156,1.45
22,Z022E0099,7.996,1.45
22,Z022E0101,6.604,1.45
22,Z022E0138,11.62,1.657
22,Z022E0140,9.844,1.45
22,Z022E0142,9.33,1.45
22,Z022E0145,8.502,1.45
22,Z022E0147,6.903,1.45
22,Z022E0149,10.57,1.45
22,Z022E0168,6.933,1.45
22,Z022E0169,8.876,1.45
22,Z022E0178,8.439,1.45
22,Z022E0179,9.141,1.45
22,Z022E0181,8.078,1.45
22,Z022E0184,8.189,1.45
22,Z022E0186,8.085,1.45
22,Z022E0190,7.14,1.45
22,Z022E0193,6.121,1.45
22,Z022E0194,10.9,1.45
22,Z022E0196,10.07,1.45
22,Z022E0197,10.2,1.45
22,Z022E0198,6.991,1.45
22,Z022E0215,10.55,1.45
24,Z024E0001,7.313,1.804
24,Z024E0002,6.331,1.085
24,Z024E0004,8.212,1.535
24,Z024E0005,7.58,1.547
24,Z024E0006,6.496,1.815
24,Z024E0008,6.376,1.546
24,Z024E0009,10.68,1.526
24,Z024E0010,10.5,1.536
24,Z024E0011,11.57,1.547
24,Z024E0014,8.36,1.534
24,Z024E0016,9.56,1.086
24,Z024E0017,7.902,1.535
24,Z024E0019,5.696,1.526
24,Z024E0020,13.07,1.536
24,Z024E0021,9.83,1.525
24,Z024E0023,6.369,1.547
24,Z024E0024,8.733,1.534
24,Z024E0025,7.191,1.805
24,Z024E0027,7.348,1.815
24,Z024E0028,5.186,1.535
24,Z024E0029,5.218,1.815
24,Z024E0030,5.307,1.525
24,Z024E0031,11.95,1.526
24,Z024E0032,10.87,1.805
24,Z024E0033,7.539,1.816
24,Z024E0034,8.099,1.806
24,Z024E0035,9.658,1.547
24,Z024E0036,8.239,1.536
24,Z024E0037,9.972,1.806
24,Z024E0038,6.976,1.535
24,Z024E0039,8.024,1.534
24,Z024E0040,6.577,1.547
24,Z024E0042,8.007,1.536
24,Z024E0043,7.348,1.815
24,Z024E0044,5.584,1.547
24,Z024E0045,7.726,1.536
24,Z024E0046,9.506,1.526
24,Z024E0047,9.283,1.083
24,Z024E0048,10.36,1.15
24,Z024E0049,10.37,1.547
24,Z024E0050,9.464,1.546
24,Z024E0051,8.095,1.815
24,Z024E0053,6.505,1.806
24,Z024E0054,10.05,1.525
24,Z024E0056,9.058,1.084
24,Z024E0057,9.679,1.547
24,Z024E0058,8.093,1.146
24,Z024E0059,7.564,1.609
24,Z024E0060,12.37,1.149
24,Z024E0061,9.419,1.086
24,Z024E0062,6.443,1.534
24,Z024E0063,7.57,1.08
24,Z024E0068,10.11,1.546
24,Z024E0069,7.712,1.534
24,Z024E0070,4.19,1.806
24,Z024E0071,10.61,1.535
24,Z024E0072,13.01,1.547
24,Z024E0073,8.095,1.547
24,Z024E0074,7.988,1.526
24,Z024E0075,10.19,1.081
24,Z024E0076,7.191,1.535
24,Z024E0077,4.643,1.815
24,Z024E0078,8.023,1.16
24,Z024E0079,12.23,1.546
24,Z024E0080,12.68,1.241
24,Z024E0081,9.43,1.547
24,Z024E0082,7.313,1.804
24,Z024E0083,7.686,1.534
24,Z024E0084,11.13,1.815
24,Z024E0085,6.528,1.815
24,Z024E0086,5.5,1.806
24,Z024E0087,9.83,1.797
24,Z024E0088,6.767,1.535
24,Z024E0089,6.591,1.547
24,Z024E0090,8.946,1.526
24,Z024E0091,5.935,1.082
24,Z024E0092,6.577,1.547
24,Z024E0093,8.649,1.534
24,Z024E0094,10.42,1.546
24,Z024E0095,4.968,1.4
24,Z024E0096,14.09,1.525
24,Z024E0097,6.31,1.4
24,Z024E0098,9.412,1.816
24,Z024E0099,10.13,1.534
24,Z024E0100,7.454,1.546
24,Z024E0102,8.06,1.804
24,Z024E0103,10.58,1.535
24,Z024E0105,7.102,1.395
24,Z024E0106,9.679,1.547
24,Z024E0107,11.67,1.534
24,Z024E0108,10.48,1.804
24,Z024E0109,6.072,1.547
24,Z024E0110,4.643,1.815
24,Z024E0113,7.348,1.547
24,Z024E0114,5.308,1.534
24,Z024E0115,10.67,1.534
24,Z024E0116,7.721,1.547
24,Z024E0117,9.955,1.816
24,Z024E0118,6.369,1.547
24,Z024E0119,10.68,1.526
24,Z024E0120,10.03,1.534
24,Z024E0122,6.781,1.145
24,Z024E0123,10.87,1.805
24,Z024E0125,4.177,1.804
24,Z024E0126,12.64,1.525
24,Z024E0127,10.46,1.534
24,Z024E0128,9.116,1.815
24,Z024E0129,13.96,1.526
24,Z024E0130,5.771,1.536
24,Z024E0131,10,1.085
24,Z024E0132,8.221,1.085
24,Z024E0133,4.186,1.815
24,Z024E0134,9.084,1.087
24,Z024E0135,11.19,1.4
24,Z024E0136,8.752,1.082
24,Z024E0137,9.355,1.534
24,Z024E0138,5.945,1.547
24,Z024E0139,6.767,1.535
24,Z024E0141,7.89,1.081
24,Z024E0142,6.129,1.245
24,Z024E0144,9.257,1.244
24,Z024E0145,7.206,1.547
24,Z024E0146,8.441,1.085
24,Z024E0147,10.24,1.547
24,Z024E0152,5.939,1.525
24,Z024E0156,5.5,1.536
24,Z024E0157,11.59,1.547
24,Z024E0158,9.651,1.547
24,Z024E0159,8.175,1.525
24,Z024E0160,7.212,1.153
24,Z024E0161,5.348,1.536
24,Z024E0163,10.71,1.547
24,Z024E0165,10.07,1.526
24,Z024E0167,2.992,1.525
24,Z024E0168,4.845,1.536
24,Z024E0170,10.42,1.815
24,Z024E0172,7.58,1.547
24,Z024E0180,10.42,1.547
24,Z024E0182,10.65,1.082
24,Z024E0183,7.495,1.082
24,Z024E0187,6.823,1.145
24,Z024E0188,6.501,1.547
24,Z024E0189,15.84,1.815
24,Z024E0191,9.442,1.526
24,Z024E0193,6.376,1.546
24,Z024E0195,7.432,1.084
24,Z024E0196,9.166,1.534
24,Z024E0198,7.827,1.546
24,Z024E0199,6.538,1.525
24,Z024E0200,5.218,1.815
24,Z024E0203,7.313,1.804
24,Z024E0205,8.175,1.525
24,Z024E0212,8.735,1.804
25,Z025E0001,9.74,1.45
25,Z025E0006,7.819,1.45
25,Z025E0007,8.505,1.45
25,Z025E0015,7.219,1.45
25,Z025E0018,8.496,1.45
25,Z025E0019,9.112,1.45
25,Z025E0021,9.869,1.45
25,Z025E0024,9.115,1.45
25,Z025E0026,10.26,1.45
25,Z025E0027,9.014,1.657
25,Z025E0034,6.863,1.45
25,Z025E0036,8.697,1.657
25,Z025E0037,9.971,1.45
25,Z025E0039,7.618,1.45
25,Z025E0044,9.196,1.45
25,Z025E0058,6.221,1.45
25,Z025E0065,8.766,1.45
25,Z025E0070,8.929,1.45
25,Z025E0077,7.811,1.45
25,Z025E0085,9.501,1.45
25,Z025E0088,9.67,1.45
25,Z025E0090,10.35,1.45
25,Z025E0104,8.854,1.45
25,Z025E0115,9.39,1.45
25,Z025E0117,10.12,1.45
25,Z025E0119,7.469,1.45
25,Z025E0123,9.117,1.45
25,Z025E0128,5.578,1.45
25,Z025E0129,8.936,1.45
25,Z025E0131,8.668,1.45
25,Z025E0152,11.78,1.45
25,Z025E0153,11.37,1.45
25,Z025E0156,10.44,1.45
25,Z025E0157,9.045,1.45
25,Z025E0158,7.669,1.45
25,Z025E0166,9.221,1.657
25,Z025E0184,7.608,1.45
25,Z025E0193,10.9,1.45
25,Z025E0226,7.812,1.45
25,Z025E0238,8.852,1.45
26,Z026E0001,8.975,1.464
26,Z026E0011,7.803,1.464
26,Z026E0017,9.712,1.464
26,Z026E0025,9.562,1.464
26,Z026E0028,9.208,1.464
26,Z026E0034,6.832,1.464
26,Z026E0035,9.745,1.464
26,Z026E0037,8.418,1.464
26,Z026E0040,8.55,1.464
26,Z026E0059,5.322,1.669
26,Z026E0062,10.16,1.464
26,Z026E0066,7.662,1.464
26,Z026E0077,9.417,1.464
26,Z026E0078,9.303,1.464
26,Z026E0080,10.43,1.464
26,Z026E0084,6.872,1.464
26,Z026E0085,10.54,1.464
26,Z026E0087,8.605,1.464
26,Z026E0102,11.21,1.464
26,Z026E0107,7.478,1.464
26,Z026E0112,9.541,1.464
26,Z026E0113,9.939,1.464
26,Z026E0121,8.485,1.464
26,Z026E0123,11.4,1.464
26,Z026E0129,8.95,1.464
26,Z026E0131,8.718,1.464
26,Z026E0137,5.068,1.464
26,Z026E0143,9.289,1.669
26,Z026E0151,9.222,1.464
26,Z026E0152,9.263,1.464
26,Z026E0163,8.482,1.464
26,Z026E0171,8.708,1.464
26,Z026E0172,6.552,1.464
26,Z026E0177,6.93,1.464
26,Z026E0184,8.307,1.464
26,Z026E0198,7.505,1.464
