pop,Geno_Code,CL-blue
1,Z001E0001,125.3
1,Z001E0002,118.62
1,Z001E0003,124.4
1,Z001E0004,122
1,Z001E0005,139.46
1,Z001E0006,138.23
1,Z001E0007,114.89
1,Z001E0008,129.82
1,Z001E0009,127.31
1,Z001E0010,142.29
1,Z001E0012,126.02
1,Z001E0013,122.1
1,Z001E0014,131.43
1,Z001E0015,127.86
1,Z001E0016,114.15
1,Z001E0017,144.29
1,Z001E0018,114.85
1,Z001E0019,132.7
1,Z001E0020,120.27
1,Z001E0021,126.17
1,Z001E0022,145.58
1,Z001E0023,124.7
1,Z001E0024,123.11
1,Z001E0025,121.09
1,Z001E0027,112.4
1,Z001E0028,124.29
1,Z001E0030,145.08
1,Z001E0031,142.88
1,Z001E0032,136.14
1,Z001E0033,136.38
1,Z001E0034,141.05
1,Z001E0036,130.47
1,Z001E0037,122.53
1,Z001E0038,135.12
1,Z001E0039,134.01
1,Z001E0040,135.87
1,Z001E0041,133.51
1,Z001E0042,139.24
1,Z001E0043,123.05
1,Z001E0044,136.05
1,Z001E0045,137.33
1,Z001E0046,122.5
1,Z001E0047,135.08
1,Z001E0048,144.72
1,Z001E0049,133.23
1,Z001E0050,140.66
1,Z001E0051,126.37
1,Z001E0052,121.49
1,Z001E0053,141.94
1,Z001E0054,121.26
1,Z001E0055,130.03
1,Z001E0056,146.9
1,Z001E0057,159.14
1,Z001E0058,134.39
1,Z001E0059,114.16
1,Z001E0060,127.09
1,Z001E0061,138.68
1,Z001E0062,140.49
1,Z001E0063,137.72
1,Z001E0064,96.97
1,Z001E0065,113.17
1,Z001E0066,131.72
1,Z001E0067,141.36
1,Z001E0068,142.59
1,Z001E0069,141.25
1,Z001E0070,122.39
1,Z001E0071,132.38
1,Z001E0072,127.79
1,Z001E0073,126.01
1,Z001E0074,141.55
1,Z001E0075,140.09
1,Z001E0076,140.17
1,Z001E0077,139.65
1,Z001E0078,146
1,Z001E0079,136.49
1,Z001E0080,141.44
1,Z001E0081,125.11
1,Z001E0082,138.07
1,Z001E0083,134.89
1,Z001E0085,130.25
1,Z001E0086,143.47
1,Z001E0087,142.05
1,Z001E0088,113.28
1,Z001E0089,121.18
1,Z001E0090,134
1,Z001E0091,113.89
1,Z001E0092,125.4
1,Z001E0093,119.85
1,Z001E0094,134.56
1,Z001E0095,131.72
1,Z001E0096,120.35
1,Z001E0097,141.25
1,Z001E0098,129.79
1,Z001E0099,130.93
1,Z001E0100,104.55
1,Z001E0101,122.46
1,Z001E0102,145.07
1,Z001E0103,129.73
1,Z001E0104,122.59
1,Z001E0105,124.64
1,Z001E0107,146.39
1,Z001E0108,116.05
1,Z001E0109,138.14
1,Z001E0110,131.67
1,Z001E0111,128.96
1,Z001E0112,129.79
1,Z001E0113,119.85
1,Z001E0114,139.78
1,Z001E0115,129.9
1,Z001E0116,142.64
1,Z001E0117,134.76
1,Z001E0118,140.97
1,Z001E0119,125.86
1,Z001E0120,141.48
1,Z001E0121,123.95
1,Z001E0122,131.53
1,Z001E0123,126.84
1,Z001E0124,100.89
1,Z001E0125,120.37
1,Z001E0126,126.91
1,Z001E0127,121.24
1,Z001E0128,128.86
1,Z001E0129,142.59
1,Z001E0130,141.1
1,Z001E0131,167.38
1,Z001E0134,125.28
1,Z001E0135,152.37
1,Z001E0136,121.53
1,Z001E0137,131.61
1,Z001E0138,131.74
1,Z001E0139,133.35
1,Z001E0140,142.71
1,Z001E0141,124.7
1,Z001E0143,138.31
1,Z001E0144,149.49
1,Z001E0145,140.07
1,Z001E0146,132.37
1,Z001E0147,120.32
1,Z001E0148,114.76
1,Z001E0149,138.22
1,Z001E0150,132.24
1,Z001E0151,139.14
1,Z001E0152,120.97
1,Z001E0153,126.43
1,Z001E0154,118.16
1,Z001E0156,147.18
1,Z001E0157,128
1,Z001E0158,139.34
1,Z001E0159,135.98
1,Z001E0160,136.23
1,Z001E0161,124.18
1,Z001E0162,125.71
1,Z001E0163,122.99
1,Z001E0164,131.79
1,Z001E0165,143.02
1,Z001E0166,129.67
1,Z001E0167,141.4
1,Z001E0168,130.7
1,Z001E0169,116.78
1,Z001E0170,118.36
1,Z001E0171,126.29
1,Z001E0172,134.38
1,Z001E0173,142.56
1,Z001E0174,142.48
1,Z001E0175,115.49
1,Z001E0176,121.43
1,Z001E0177,133.99
1,Z001E0178,139.46
1,Z001E0180,131.99
1,Z001E0181,145.81
1,Z001E0182,146.24
1,Z001E0183,139.21
1,Z001E0184,140.77
1,Z001E0185,148.93
1,Z001E0186,131.89
1,Z001E0187,133.43
1,Z001E0188,132.14
1,Z001E0189,133.02
1,Z001E0190,113.97
1,Z001E0191,138.53
1,Z001E0192,145.04
1,Z001E0193,142.79
1,Z001E0194,127.61
1,Z001E0195,129.05
1,Z001E0196,144.32
1,Z001E0197,123.98
1,Z001E0198,138.8
1,Z001E0199,105.85
2,Z002E0001,143.98
2,Z002E0002,146.64
2,Z002E0003,132.79
2,Z002E0004,143.87
2,Z002E0005,122.03
2,Z002E0006,142.81
2,Z002E0007,151.66
2,Z002E0009,132.16
2,Z002E0010,140.73
2,Z002E0011,143.38
2,Z002E0012,136.93
2,Z002E0013,121.74
2,Z002E0014,143.19
2,Z002E0015,135.69
2,Z002E0016,146.39
2,Z002E0017,131.37
2,Z002E0018,129.03
2,Z002E0019,152.84
2,Z002E0020,146.46
2,Z002E0021,127.31
2,Z002E0022,146.69
2,Z002E0023,152.19
2,Z002E0025,149.95
2,Z002E0026,127.8
2,Z002E0027,149.39
2,Z002E0028,132.69
2,Z002E0029,143.14
2,Z002E0030,157.11
2,Z002E0031,145.28
2,Z002E0032,126.43
2,Z002E0033,136.08
2,Z002E0034,128.82
2,Z002E0035,147.25
2,Z002E0036,110.13
2,Z002E0037,132.93
2,Z002E0038,133.26
2,Z002E0039,131.13
2,Z002E0040,131.75
2,Z002E0041,124.56
2,Z002E0042,112.24
2,Z002E0043,131.26
2,Z002E0044,116.67
2,Z002E0047,138.64
2,Z002E0048,125.59
2,Z002E0049,112.82
2,Z002E0050,118.72
2,Z002E0051,117.32
2,Z002E0053,152.82
2,Z002E0054,133.96
2,Z002E0055,146.19
2,Z002E0056,129.89
2,Z002E0057,112.42
2,Z002E0058,126.56
2,Z002E0059,122.43
2,Z002E0060,91.68
2,Z002E0061,141.08
2,Z002E0062,134.84
2,Z002E0063,138.66
2,Z002E0064,141.33
2,Z002E0065,137.18
2,Z002E0066,131.73
2,Z002E0068,141.07
2,Z002E0069,121.65
2,Z002E0070,137.97
2,Z002E0071,123.54
2,Z002E0072,108.45
2,Z002E0073,144.32
2,Z002E0074,141.75
2,Z002E0076,151.49
2,Z002E0077,125.3
2,Z002E0078,139.11
2,Z002E0079,141.37
2,Z002E0080,154.79
2,Z002E0081,155.07
2,Z002E0082,140.36
2,Z002E0083,145.17
2,Z002E0084,135.17
2,Z002E0085,132.86
2,Z002E0086,154.86
2,Z002E0087,140.13
2,Z002E0088,143.6
2,Z002E0089,141.91
2,Z002E0090,120.77
2,Z002E0091,141.43
2,Z002E0092,122.81
2,Z002E0094,133.68
2,Z002E0095,124.54
2,Z002E0096,135.72
2,Z002E0097,145.72
2,Z002E0098,121.3
2,Z002E0099,146.75
2,Z002E0100,133.39
2,Z002E0101,117.49
2,Z002E0102,137.27
2,Z002E0103,122.63
2,Z002E0104,139.28
2,Z002E0105,139.69
2,Z002E0106,138.46
2,Z002E0107,131.77
2,Z002E0108,140.87
2,Z002E0109,134.79
2,Z002E0110,146.78
2,Z002E0111,142.62
2,Z002E0112,162.71
2,Z002E0113,103.79
2,Z002E0114,146.89
2,Z002E0116,136.28
2,Z002E0117,123.88
2,Z002E0119,138.42
2,Z002E0120,140.06
2,Z002E0121,120.54
2,Z002E0122,133.18
2,Z002E0123,123.35
2,Z002E0124,149.56
2,Z002E0125,119.01
2,Z002E0132,139.96
2,Z002E0133,119.54
2,Z002E0134,131.96
2,Z002E0135,139.45
2,Z002E0136,118.24
2,Z002E0137,131.42
2,Z002E0138,129.32
2,Z002E0139,150.85
2,Z002E0140,139.59
2,Z002E0141,127.77
2,Z002E0143,146.47
2,Z002E0144,128.39
2,Z002E0145,159.05
2,Z002E0146,141.16
2,Z002E0148,122.04
2,Z002E0149,149.05
2,Z002E0150,131.64
2,Z002E0151,153.15
2,Z002E0152,123.48
2,Z002E0153,129.28
2,Z002E0155,137.94
2,Z002E0156,153.66
2,Z002E0157,139.38
2,Z002E0158,123.38
2,Z002E0159,142.68
2,Z002E0161,149.66
2,Z002E0162,118.08
2,Z002E0163,145.03
2,Z002E0164,130.68
2,Z002E0165,127.86
2,Z002E0166,129.7
2,Z002E0167,132.03
2,Z002E0168,136.57
2,Z002E0169,119.77
2,Z002E0170,132.78
2,Z002E0171,130.31
2,Z002E0172,152.78
2,Z002E0173,133.75
2,Z002E0175,156.95
2,Z002E0176,145.89
2,Z002E0178,139.32
2,Z002E0179,117.8
2,Z002E0180,133.89
2,Z002E0181,139.96
2,Z002E0183,130.31
2,Z002E0184,138.75
2,Z002E0186,141.53
2,Z002E0187,160.17
2,Z002E0188,119.81
2,Z002E0189,137.44
2,Z002E0190,149.87
2,Z002E0191,141.98
2,Z002E0192,138.43
2,Z002E0193,112.95
2,Z002E0194,119.64
2,Z002E0195,142.41
2,Z002E0198,128.33
2,Z002E0199,129.27
2,Z002E0200,139.72
3,Z003E0001,155.66
3,Z003E0002,119.67
3,Z003E0003,131.77
3,Z003E0006,150.7
3,Z003E0007,135.09
3,Z003E0009,148.29
3,Z003E0010,141.42
3,Z003E0011,142.89
3,Z003E0012,150.94
3,Z003E0013,144.42
3,Z003E0014,161.39
3,Z003E0016,109.78
3,Z003E0017,150.23
3,Z003E0018,148.8
3,Z003E0019,133.22
3,Z003E0021,124.45
3,Z003E0022,122.29
3,Z003E0023,133.69
3,Z003E0024,117.81
3,Z003E0026,132.1
3,Z003E0027,114.52
3,Z003E0029,146.54
3,Z003E0030,131.86
3,Z003E0031,130.21
3,Z003E0032,121.8
3,Z003E0033,127.82
3,Z003E0034,141.26
3,Z003E0035,137.44
3,Z003E0036,151.75
3,Z003E0037,130.43
3,Z003E0038,132.49
3,Z003E0041,148.73
3,Z003E0042,120.05
3,Z003E0043,147.28
3,Z003E0044,157.28
3,Z003E0045,144.06
3,Z003E0046,143.53
3,Z003E0047,118.98
3,Z003E0049,135.54
3,Z003E0050,163.39
3,Z003E0051,160.79
3,Z003E0052,122.92
3,Z003E0053,146.9
3,Z003E0054,141.51
3,Z003E0055,145.94
3,Z003E0056,144.27
3,Z003E0057,145.75
3,Z003E0058,119.87
3,Z003E0059,154.38
3,Z003E0061,123.13
3,Z003E0062,151.44
3,Z003E0063,141.55
3,Z003E0066,142.48
3,Z003E0067,149.06
3,Z003E0068,121.13
3,Z003E0069,152.57
3,Z003E0070,132.43
3,Z003E0071,147.62
3,Z003E0072,134.95
3,Z003E0073,142.42
3,Z003E0074,128.41
3,Z003E0075,131.24
3,Z003E0076,134.67
3,Z003E0077,131.66
3,Z003E0078,141.17
3,Z003E0079,134.18
3,Z003E0080,146.17
3,Z003E0081,136.68
3,Z003E0082,144.41
3,Z003E0083,145.81
3,Z003E0084,121.09
3,Z003E0085,140.77
3,Z003E0086,123.47
3,Z003E0087,113.56
3,Z003E0089,155.67
3,Z003E0090,135.96
3,Z003E0092,132.09
3,Z003E0093,147.02
3,Z003E0094,151.28
3,Z003E0095,153.33
3,Z003E0096,129.06
3,Z003E0097,153.74
3,Z003E0098,149.1
3,Z003E0099,138.07
3,Z003E0100,113.5
3,Z003E0101,117.46
3,Z003E0102,125.04
3,Z003E0103,122.22
3,Z003E0104,143.67
3,Z003E0105,158.91
3,Z003E0106,154.12
3,Z003E0107,131.3
3,Z003E0108,138.41
3,Z003E0109,152.25
3,Z003E0110,137.92
3,Z003E0111,151.81
3,Z003E0112,141.7
3,Z003E0114,142.51
3,Z003E0115,152.47
3,Z003E0116,133.85
3,Z003E0117,132.13
3,Z003E0118,126.02
3,Z003E0120,145.32
3,Z003E0121,133.18
3,Z003E0122,142.64
3,Z003E0123,138.64
3,Z003E0125,148.95
3,Z003E0126,126.95
3,Z003E0127,136.63
3,Z003E0128,129.8
3,Z003E0129,145.75
3,Z003E0130,140.68
3,Z003E0131,159.2
3,Z003E0132,143.62
3,Z003E0133,136.22
3,Z003E0134,153.69
3,Z003E0135,140.56
3,Z003E0136,153.31
3,Z003E0138,160.97
3,Z003E0139,144.11
3,Z003E0140,180.74
3,Z003E0141,151.45
3,Z003E0142,124.02
3,Z003E0143,147.06
3,Z003E0144,122.82
3,Z003E0145,157.98
3,Z003E0146,124.22
3,Z003E0147,150.87
3,Z003E0148,140.09
3,Z003E0149,132.43
3,Z003E0150,123.62
3,Z003E0151,136.5
3,Z003E0152,159.46
3,Z003E0153,148.35
3,Z003E0154,136.81
3,Z003E0156,134.25
3,Z003E0157,143.41
3,Z003E0158,134.4
3,Z003E0160,125.3
3,Z003E0161,155.29
3,Z003E0163,131.98
3,Z003E0164,137.2
3,Z003E0166,130.62
3,Z003E0167,130.83
3,Z003E0168,120.95
3,Z003E0169,148.38
3,Z003E0171,155.97
3,Z003E0172,154.79
3,Z003E0173,144.03
3,Z003E0174,169.27
3,Z003E0175,143.86
3,Z003E0176,134.69
3,Z003E0177,150.93
3,Z003E0178,139.79
3,Z003E0180,150.25
3,Z003E0181,149.81
3,Z003E0183,142.63
3,Z003E0184,138.02
3,Z003E0185,108.58
3,Z003E0186,136.51
3,Z003E0187,143.06
3,Z003E0188,136.96
3,Z003E0189,131.48
3,Z003E0192,158.56
3,Z003E0193,152.27
3,Z003E0194,125.5
3,Z003E0195,134.71
3,Z003E0196,138.98
3,Z003E0197,128.93
3,Z003E0198,129.89
3,Z003E0199,144.15
3,Z003E0200,150.58
4,Z004E0001,120.25
4,Z004E0002,129.96
4,Z004E0003,136.1
4,Z004E0004,119.4
4,Z004E0005,136.5
4,Z004E0006,134.65
4,Z004E0009,135.22
4,Z004E0010,148.97
4,Z004E0011,122.58
4,Z004E0012,145.53
4,Z004E0013,139.03
4,Z004E0014,135.74
4,Z004E0015,133.26
4,Z004E0016,124.41
4,Z004E0017,129.43
4,Z004E0018,130.92
4,Z004E0019,106.02
4,Z004E0020,127.65
4,Z004E0021,122.68
4,Z004E0022,116.91
4,Z004E0023,149.03
4,Z004E0024,114.97
4,Z004E0025,132.84
4,Z004E0026,130.16
4,Z004E0027,115.22
4,Z004E0028,141.3
4,Z004E0029,121.02
4,Z004E0031,118.48
4,Z004E0032,132.01
4,Z004E0033,128.85
4,Z004E0034,119.94
4,Z004E0035,121.78
4,Z004E0036,113.76
4,Z004E0038,133.14
4,Z004E0039,131.78
4,Z004E0040,126.48
4,Z004E0042,122.53
4,Z004E0043,144.48
4,Z004E0044,134.71
4,Z004E0045,98.99
4,Z004E0046,122.78
4,Z004E0047,129.09
4,Z004E0048,128.65
4,Z004E0049,135.27
4,Z004E0050,117.33
4,Z004E0051,118.4
4,Z004E0052,128.46
4,Z004E0053,114.65
4,Z004E0054,151.93
4,Z004E0056,134.1
4,Z004E0057,130.9
4,Z004E0058,131.59
4,Z004E0059,149.49
4,Z004E0060,118.25
4,Z004E0061,129.97
4,Z004E0062,125.09
4,Z004E0063,130.18
4,Z004E0064,112.72
4,Z004E0065,130.25
4,Z004E0066,112.18
4,Z004E0067,115.02
4,Z004E0068,116.79
4,Z004E0069,129.5
4,Z004E0070,119.87
4,Z004E0071,108.36
4,Z004E0072,113.7
4,Z004E0073,131.12
4,Z004E0074,126.74
4,Z004E0075,127.78
4,Z004E0076,123.81
4,Z004E0077,127.45
4,Z004E0078,136.14
4,Z004E0079,122.48
4,Z004E0080,123.32
4,Z004E0081,111.46
4,Z004E0082,109.62
4,Z004E0083,149.16
4,Z004E0084,125.86
4,Z004E0085,102.36
4,Z004E0086,115.4
4,Z004E0087,114.16
4,Z004E0088,127.19
4,Z004E0089,126.67
4,Z004E0090,122.72
4,Z004E0091,120.01
4,Z004E0092,116.02
4,Z004E0093,126.73
4,Z004E0094,126.59
4,Z004E0095,119.64
4,Z004E0096,112.31
4,Z004E0097,136.82
4,Z004E0098,138.25
4,Z004E0099,110.34
4,Z004E0100,122.52
4,Z004E0101,102.99
4,Z004E0102,116.14
4,Z004E0103,119.58
4,Z004E0104,129.67
4,Z004E0105,133.47
4,Z004E0106,132.07
4,Z004E0107,108.29
4,Z004E0108,121.37
4,Z004E0109,125.21
4,Z004E0110,103.29
4,Z004E0111,129.72
4,Z004E0112,117.23
4,Z004E0113,131.62
4,Z004E0115,139.72
4,Z004E0116,121.26
4,Z004E0117,155.72
4,Z004E0118,130.42
4,Z004E0120,112.72
4,Z004E0121,114.87
4,Z004E0122,126.75
4,Z004E0123,117.83
4,Z004E0124,126.78
4,Z004E0125,121.27
4,Z004E0126,110.77
4,Z004E0127,128.08
4,Z004E0128,123.15
4,Z004E0129,125.52
4,Z004E0130,126.03
4,Z004E0131,108.08
4,Z004E0132,133.17
4,Z004E0133,119.09
4,Z004E0134,110.42
4,Z004E0135,118.3
4,Z004E0136,134.4
4,Z004E0137,129.86
4,Z004E0138,128.36
4,Z004E0139,126.76
4,Z004E0140,120.67
4,Z004E0141,126.65
4,Z004E0142,114.87
4,Z004E0144,120.51
4,Z004E0145,133.43
4,Z004E0146,133.86
4,Z004E0147,113.76
4,Z004E0148,138.62
4,Z004E0149,123.53
4,Z004E0150,133.27
4,Z004E0151,136.15
4,Z004E0152,131.87
4,Z004E0153,137.61
4,Z004E0154,133.49
4,Z004E0155,118.54
4,Z004E0157,130.41
4,Z004E0158,124.99
4,Z004E0159,143.68
4,Z004E0160,115.03
4,Z004E0161,113.62
4,Z004E0162,126.62
4,Z004E0163,132.34
4,Z004E0164,129.18
4,Z004E0165,109.48
4,Z004E0166,137.91
4,Z004E0167,110.82
4,Z004E0168,132.64
4,Z004E0169,118.3
4,Z004E0170,137.29
4,Z004E0171,98.74
4,Z004E0172,123
4,Z004E0173,112.25
4,Z004E0174,120.36
4,Z004E0175,113.52
4,Z004E0176,133.4
4,Z004E0177,137.28
4,Z004E0178,119.26
4,Z004E0179,110.42
4,Z004E0180,119.67
4,Z004E0181,124.53
4,Z004E0182,115.14
4,Z004E0183,122.98
4,Z004E0184,119.5
4,Z004E0185,129.67
4,Z004E0186,132.07
4,Z004E0187,145.4
4,Z004E0188,130.48
4,Z004E0189,123.78
4,Z004E0190,115.76
4,Z004E0191,126.59
4,Z004E0192,114.78
4,Z004E0193,114.11
4,Z004E0194,119.98
4,Z004E0195,126.42
4,Z004E0196,113.43
4,Z004E0197,135.86
4,Z004E0198,130.09
4,Z004E0200,120.6
5,Z005E0001,150.85
5,Z005E0003,118.17
5,Z005E0006,103.58
5,Z005E0007,118.69
5,Z005E0008,107.06
5,Z005E0009,129.47
5,Z005E0010,133.73
5,Z005E0011,125.07
5,Z005E0012,133.81
5,Z005E0013,139.49
5,Z005E0014,153.24
5,Z005E0015,125.35
5,Z005E0016,125.11
5,Z005E0017,112.96
5,Z005E0019,123.77
5,Z005E0020,133.92
5,Z005E0021,129.2
5,Z005E0022,121
5,Z005E0023,115.91
5,Z005E0024,132.31
5,Z005E0025,129.08
5,Z005E0027,111.51
5,Z005E0028,114.7
5,Z005E0029,128.17
5,Z005E0032,117.89
5,Z005E0033,135.61
5,Z005E0034,117.58
5,Z005E0035,126.69
5,Z005E0036,115.79
5,Z005E0037,120.93
5,Z005E0038,125.16
5,Z005E0039,114.12
5,Z005E0040,116.14
5,Z005E0042,138.14
5,Z005E0043,115.71
5,Z005E0044,123.73
5,Z005E0045,107.29
5,Z005E0046,122.11
5,Z005E0047,144.8
5,Z005E0048,126.84
5,Z005E0049,122.84
5,Z005E0053,128.27
5,Z005E0054,115.11
5,Z005E0055,102.65
5,Z005E0056,119.18
5,Z005E0057,140.54
5,Z005E0058,103.92
5,Z005E0059,91.34
5,Z005E0060,132.09
5,Z005E0061,124.88
5,Z005E0062,117.56
5,Z005E0063,120.06
5,Z005E0064,131.73
5,Z005E0066,97.15
5,Z005E0067,115.3
5,Z005E0068,155.28
5,Z005E0069,139.53
5,Z005E0070,106.19
5,Z005E0071,125.81
5,Z005E0072,128.1
5,Z005E0074,135.54
5,Z005E0075,131.2
5,Z005E0076,108.81
5,Z005E0077,105.76
5,Z005E0078,120.45
5,Z005E0079,131.93
5,Z005E0080,143.03
5,Z005E0081,114.12
5,Z005E0082,120.18
5,Z005E0083,117.21
5,Z005E0084,110.1
5,Z005E0085,139.17
5,Z005E0087,123.61
5,Z005E0090,123.92
5,Z005E0093,123.59
5,Z005E0094,119.01
5,Z005E0095,112.99
5,Z005E0096,128.36
5,Z005E0097,139.4
5,Z005E0098,109.4
5,Z005E0099,114.47
5,Z005E0100,108.32
5,Z005E0101,113
5,Z005E0102,122.71
5,Z005E0103,124.62
5,Z005E0104,123.97
5,Z005E0105,114.52
5,Z005E0106,131.44
5,Z005E0107,128.33
5,Z005E0108,140.51
5,Z005E0109,137.76
5,Z005E0112,130.58
5,Z005E0113,105.34
5,Z005E0114,122.2
5,Z005E0115,113.58
5,Z005E0116,116.23
5,Z005E0117,117.67
5,Z005E0118,124.52
5,Z005E0119,117.48
5,Z005E0120,127.4
5,Z005E0121,133.48
5,Z005E0122,123.55
5,Z005E0123,127.87
5,Z005E0124,111.93
5,Z005E0125,127.07
5,Z005E0126,130.48
5,Z005E0127,110.86
5,Z005E0128,133.8
5,Z005E0129,123.4
5,Z005E0130,109.46
5,Z005E0131,110.63
5,Z005E0133,150.52
5,Z005E0134,137.63
5,Z005E0135,136.91
5,Z005E0136,114.42
5,Z005E0137,120.81
5,Z005E0138,126.74
5,Z005E0139,122.78
5,Z005E0141,123.43
5,Z005E0142,130.11
5,Z005E0143,118.87
5,Z005E0144,139.89
5,Z005E0145,125.19
5,Z005E0146,139.64
5,Z005E0148,123.61
5,Z005E0149,125.56
5,Z005E0150,132.3
5,Z005E0151,121.32
5,Z005E0152,97.16
5,Z005E0153,125.85
5,Z005E0154,118.85
5,Z005E0155,127.76
5,Z005E0157,121.97
5,Z005E0158,124.02
5,Z005E0159,141.16
5,Z005E0160,117.26
5,Z005E0161,119.91
5,Z005E0162,129.84
5,Z005E0163,105.85
5,Z005E0164,137.54
5,Z005E0165,123.99
5,Z005E0166,123.21
5,Z005E0167,112.92
5,Z005E0168,124.36
5,Z005E0169,123.98
5,Z005E0170,135.76
5,Z005E0171,130.57
5,Z005E0172,149.82
5,Z005E0173,141.46
5,Z005E0174,134.77
5,Z005E0175,113.11
5,Z005E0176,117.62
5,Z005E0179,124.34
5,Z005E0180,134.57
5,Z005E0181,112.84
5,Z005E0182,132.64
5,Z005E0183,114.1
5,Z005E0184,127.79
5,Z005E0185,138.61
5,Z005E0186,113.02
5,Z005E0187,129.38
5,Z005E0189,136.13
5,Z005E0190,130.05
5,Z005E0191,103.98
5,Z005E0192,109.22
5,Z005E0193,120.49
5,Z005E0195,137.38
5,Z005E0196,129.31
5,Z005E0197,150.84
5,Z005E0198,121.4
5,Z005E0199,114.63
6,Z006E0001,135.74
6,Z006E0002,144.87
6,Z006E0003,123.02
6,Z006E0006,122.74
6,Z006E0007,112.33
6,Z006E0008,105.9
6,Z006E0009,117.93
6,Z006E0010,126.61
6,Z006E0011,124.12
6,Z006E0012,105.5
6,Z006E0014,111.96
6,Z006E0015,117.49
6,Z006E0017,104.85
6,Z006E0018,121.15
6,Z006E0020,115.18
6,Z006E0024,123.37
6,Z006E0025,129.64
6,Z006E0026,130.14
6,Z006E0028,150.55
6,Z006E0029,124.24
6,Z006E0031,124.49
6,Z006E0032,126.12
6,Z006E0033,129.35
6,Z006E0034,125.71
6,Z006E0035,145.54
6,Z006E0036,124.08
6,Z006E0037,137.25
6,Z006E0038,127.11
6,Z006E0041,125.16
6,Z006E0042,125.59
6,Z006E0043,112.29
6,Z006E0044,136.11
6,Z006E0046,130.96
6,Z006E0047,137.58
6,Z006E0048,129.36
6,Z006E0049,137.16
6,Z006E0050,130.69
6,Z006E0051,126.14
6,Z006E0053,123.04
6,Z006E0055,116.47
6,Z006E0056,138.65
6,Z006E0057,124.08
6,Z006E0058,128.28
6,Z006E0059,116.97
6,Z006E0060,124.92
6,Z006E0061,131.65
6,Z006E0065,138.93
6,Z006E0066,117.86
6,Z006E0068,131.3
6,Z006E0069,103.69
6,Z006E0070,129.97
6,Z006E0071,134.24
6,Z006E0072,123.4
6,Z006E0073,130.16
6,Z006E0074,129.61
6,Z006E0075,123.66
6,Z006E0076,117.5
6,Z006E0077,140.8
6,Z006E0078,102.11
6,Z006E0079,124.95
6,Z006E0080,124.33
6,Z006E0081,121.03
6,Z006E0082,118.37
6,Z006E0083,130.5
6,Z006E0084,129.98
6,Z006E0085,109.94
6,Z006E0086,135.92
6,Z006E0087,116.07
6,Z006E0089,138.45
6,Z006E0090,124.14
6,Z006E0091,138.88
6,Z006E0092,124.55
6,Z006E0093,110.63
6,Z006E0094,124.2
6,Z006E0095,125.01
6,Z006E0096,119.58
6,Z006E0097,123.35
6,Z006E0098,124.82
6,Z006E0099,124.66
6,Z006E0100,128.04
6,Z006E0101,103.86
6,Z006E0102,126.7
6,Z006E0103,121
6,Z006E0104,136.63
6,Z006E0105,127.39
6,Z006E0106,138.43
6,Z006E0107,116.97
6,Z006E0108,131.66
6,Z006E0109,127.31
6,Z006E0110,124.1
6,Z006E0111,119.63
6,Z006E0112,140.2
6,Z006E0113,133.73
6,Z006E0114,122.06
6,Z006E0115,125.17
6,Z006E0116,138.58
6,Z006E0117,123.49
6,Z006E0118,143.06
6,Z006E0119,110.17
6,Z006E0120,125.68
6,Z006E0121,122.62
6,Z006E0122,106.43
6,Z006E0123,141.89
6,Z006E0124,135.5
6,Z006E0125,117.63
6,Z006E0126,135.72
6,Z006E0128,116.92
6,Z006E0129,130.21
6,Z006E0133,119.53
6,Z006E0134,118.96
6,Z006E0135,139.75
6,Z006E0136,120.65
6,Z006E0137,123.26
6,Z006E0138,125.55
6,Z006E0139,115.06
6,Z006E0140,96.03
6,Z006E0141,135.86
6,Z006E0142,119.49
6,Z006E0143,122.72
6,Z006E0144,137.99
6,Z006E0145,149.53
6,Z006E0146,152.49
6,Z006E0147,124.99
6,Z006E0148,126.67
6,Z006E0149,146.15
6,Z006E0150,154.09
6,Z006E0151,109.91
6,Z006E0153,116.44
6,Z006E0154,130.79
6,Z006E0156,121.1
6,Z006E0157,141.57
6,Z006E0158,122.73
6,Z006E0159,130.39
6,Z006E0160,131.84
6,Z006E0161,121.68
6,Z006E0162,129.86
6,Z006E0163,115.37
6,Z006E0164,111.33
6,Z006E0165,118.8
6,Z006E0166,137.87
6,Z006E0167,126.07
6,Z006E0168,123.7
6,Z006E0169,130.44
6,Z006E0170,133.84
6,Z006E0172,127.24
6,Z006E0173,140.84
6,Z006E0174,122.76
6,Z006E0175,120.21
6,Z006E0176,114.07
6,Z006E0177,114.35
6,Z006E0178,154.88
6,Z006E0179,120.06
6,Z006E0180,143.47
6,Z006E0181,138.08
6,Z006E0182,118.26
6,Z006E0183,104.49
6,Z006E0184,121.69
6,Z006E0186,120.4
6,Z006E0187,124.2
6,Z006E0188,128.73
6,Z006E0190,130.18
6,Z006E0191,114.02
6,Z006E0192,130.65
6,Z006E0193,136.18
6,Z006E0194,140.7
6,Z006E0195,129.32
6,Z006E0196,130.56
6,Z006E0198,114.84
6,Z006E0199,131.09
6,Z006E0200,131
7,Z007E0001,130.23
7,Z007E0002,141.77
7,Z007E0003,128.61
7,Z007E0004,144.17
7,Z007E0005,114.99
7,Z007E0007,143.47
7,Z007E0008,107.95
7,Z007E0009,147.33
7,Z007E0010,121.54
7,Z007E0011,143.13
7,Z007E0012,131.37
7,Z007E0013,143.59
7,Z007E0014,127.03
7,Z007E0015,121.13
7,Z007E0016,127.28
7,Z007E0017,108.52
7,Z007E0019,122.89
7,Z007E0020,135.76
7,Z007E0021,151.1
7,Z007E0022,136.08
7,Z007E0023,140.43
7,Z007E0024,139.01
7,Z007E0025,149.08
7,Z007E0026,139.49
7,Z007E0027,123.33
7,Z007E0029,136.54
7,Z007E0030,117.88
7,Z007E0031,138.38
7,Z007E0032,119.86
7,Z007E0033,134.31
7,Z007E0034,112.43
7,Z007E0036,121.46
7,Z007E0037,129.9
7,Z007E0038,146.89
7,Z007E0039,134.53
7,Z007E0040,123.37
7,Z007E0041,128.6
7,Z007E0042,130.87
7,Z007E0043,148.01
7,Z007E0044,125.63
7,Z007E0045,149.77
7,Z007E0046,120.98
7,Z007E0047,123.5
7,Z007E0048,143.32
7,Z007E0049,119.62
7,Z007E0050,140.94
7,Z007E0051,145.08
7,Z007E0052,139.02
7,Z007E0053,152.46
7,Z007E0054,129.43
7,Z007E0055,116.46
7,Z007E0056,114.42
7,Z007E0058,129.7
7,Z007E0059,143.14
7,Z007E0060,144.53
7,Z007E0061,138.65
7,Z007E0062,151.92
7,Z007E0063,125.89
7,Z007E0064,156.57
7,Z007E0065,132.29
7,Z007E0066,136.28
7,Z007E0067,144.97
7,Z007E0069,144.07
7,Z007E0070,147.29
7,Z007E0071,121.91
7,Z007E0072,136.81
7,Z007E0073,122.32
7,Z007E0074,128.55
7,Z007E0075,128.61
7,Z007E0076,146.26
7,Z007E0077,116.39
7,Z007E0078,133.78
7,Z007E0079,130.2
7,Z007E0080,120.87
7,Z007E0081,142.39
7,Z007E0082,119.7
7,Z007E0083,126.26
7,Z007E0084,132.17
7,Z007E0087,141.85
7,Z007E0088,112.15
7,Z007E0089,121.44
7,Z007E0090,136.8
7,Z007E0091,148.59
7,Z007E0092,142.86
7,Z007E0093,136.02
7,Z007E0094,125.27
7,Z007E0095,126.92
7,Z007E0096,144.57
7,Z007E0097,140.1
7,Z007E0098,119.17
7,Z007E0099,133.55
7,Z007E0100,112.67
7,Z007E0101,142.69
7,Z007E0102,124.14
7,Z007E0103,132.65
7,Z007E0104,111.86
7,Z007E0105,135.87
7,Z007E0106,128.36
7,Z007E0107,123.07
7,Z007E0108,119.93
7,Z007E0109,115.27
7,Z007E0110,141.26
7,Z007E0111,130.87
7,Z007E0112,130.5
7,Z007E0114,135.43
7,Z007E0116,112.21
7,Z007E0117,124.64
7,Z007E0118,125.17
7,Z007E0119,153.1
7,Z007E0121,142.43
7,Z007E0123,144.96
7,Z007E0124,128.72
7,Z007E0125,107.18
7,Z007E0127,121.52
7,Z007E0128,107.44
7,Z007E0129,152.42
7,Z007E0130,126.59
7,Z007E0131,128.56
7,Z007E0132,131.95
7,Z007E0133,134.33
7,Z007E0134,160.8
7,Z007E0135,116.48
7,Z007E0136,131.22
7,Z007E0137,126.21
7,Z007E0138,137.72
7,Z007E0139,134.66
7,Z007E0140,114.2
7,Z007E0141,113.81
7,Z007E0142,133.3
7,Z007E0143,128.43
7,Z007E0146,137.83
7,Z007E0147,138.1
7,Z007E0148,161.35
7,Z007E0149,119.57
7,Z007E0150,139.31
7,Z007E0151,126.72
7,Z007E0152,139.85
7,Z007E0153,140.4
7,Z007E0155,137.06
7,Z007E0156,125.62
7,Z007E0157,112.33
7,Z007E0158,129.69
7,Z007E0159,135.35
7,Z007E0160,131.37
7,Z007E0161,139.53
7,Z007E0162,120.11
7,Z007E0163,134.72
7,Z007E0164,114.31
7,Z007E0165,133.05
7,Z007E0166,129.88
7,Z007E0167,153.89
7,Z007E0169,125.74
7,Z007E0170,136.21
7,Z007E0171,175.11
7,Z007E0172,129.32
7,Z007E0173,116.24
7,Z007E0174,153.17
7,Z007E0175,153.18
7,Z007E0176,146.64
7,Z007E0177,149.95
7,Z007E0178,135.25
7,Z007E0179,129.98
7,Z007E0180,113.36
7,Z007E0181,137.42
7,Z007E0182,130.02
7,Z007E0183,136.13
7,Z007E0184,124.87
7,Z007E0185,125.56
7,Z007E0186,128.09
7,Z007E0187,131.96
7,Z007E0188,118.63
7,Z007E0189,124.7
7,Z007E0191,141.65
7,Z007E0192,139.57
7,Z007E0193,136.03
7,Z007E0195,140.91
7,Z007E0197,115.36
7,Z007E0198,123.55
7,Z007E0199,128.02
7,Z007E0200,128.92
8,Z008E0001,126.16
8,Z008E0002,113.41
8,Z008E0003,118.98
8,Z008E0004,136.08
8,Z008E0005,141.33
8,Z008E0006,130.06
8,Z008E0007,124.05
8,Z008E0008,127.47
8,Z008E0009,140.54
8,Z008E0010,143.12
8,Z008E0011,135.32
8,Z008E0012,129.47
8,Z008E0013,129.8
8,Z008E0014,122.05
8,Z008E0015,120.37
8,Z008E0016,132.71
8,Z008E0017,124.23
8,Z008E0019,139.15
8,Z008E0020,113.01
8,Z008E0021,137.8
8,Z008E0023,119.71
8,Z008E0024,112.23
8,Z008E0025,102.34
8,Z008E0026,104.53
8,Z008E0027,138.43
8,Z008E0028,123.7
8,Z008E0029,127.3
8,Z008E0030,117.36
8,Z008E0031,109.48
8,Z008E0032,133.38
8,Z008E0033,125.83
8,Z008E0035,121.57
8,Z008E0036,120.64
8,Z008E0037,130.43
8,Z008E0038,126.58
8,Z008E0039,123.79
8,Z008E0040,140.88
8,Z008E0042,140.04
8,Z008E0044,111.3
8,Z008E0045,119.87
8,Z008E0046,96.9
8,Z008E0047,136.3
8,Z008E0048,128.05
8,Z008E0049,128.9
8,Z008E0050,127.91
8,Z008E0051,115.22
8,Z008E0052,109.84
8,Z008E0054,112.13
8,Z008E0055,117.96
8,Z008E0056,116.96
8,Z008E0057,126.77
8,Z008E0058,128.38
8,Z008E0059,142.39
8,Z008E0060,123.92
8,Z008E0061,117.64
8,Z008E0062,118
8,Z008E0063,131.23
8,Z008E0064,128.02
8,Z008E0065,102.21
8,Z008E0066,136.85
8,Z008E0067,115.1
8,Z008E0068,140.36
8,Z008E0069,136.17
8,Z008E0070,118.14
8,Z008E0071,117.11
8,Z008E0080,146.49
8,Z008E0081,122.78
8,Z008E0082,118.47
8,Z008E0083,152.91
8,Z008E0084,113.85
8,Z008E0087,110.8
8,Z008E0088,135.36
8,Z008E0090,130.6
8,Z008E0091,130.29
8,Z008E0092,121.06
8,Z008E0093,125.39
8,Z008E0094,105.18
8,Z008E0095,109.96
8,Z008E0096,130.23
8,Z008E0097,110.66
8,Z008E0098,121.82
8,Z008E0099,118.36
8,Z008E0100,125.91
8,Z008E0101,109.54
8,Z008E0102,126.38
8,Z008E0103,133.95
8,Z008E0104,121.55
8,Z008E0105,103.14
8,Z008E0106,132.15
8,Z008E0107,120.52
8,Z008E0108,128.75
8,Z008E0109,101.13
8,Z008E0110,105.92
8,Z008E0111,127.58
8,Z008E0112,141.7
8,Z008E0113,120.7
8,Z008E0114,111.29
8,Z008E0115,129.3
8,Z008E0116,131.61
8,Z008E0117,117.19
8,Z008E0118,121.9
8,Z008E0119,136.7
8,Z008E0120,145.65
8,Z008E0121,122.7
8,Z008E0122,134.24
8,Z008E0123,121.4
8,Z008E0124,119.06
8,Z008E0125,121.59
8,Z008E0126,128
8,Z008E0127,119.03
8,Z008E0128,110.65
8,Z008E0129,124.93
8,Z008E0130,133.11
8,Z008E0131,124.19
8,Z008E0132,110.89
8,Z008E0133,108.45
8,Z008E0135,119.39
8,Z008E0136,121.39
8,Z008E0137,115.42
8,Z008E0139,138.49
8,Z008E0140,134.47
8,Z008E0141,119.92
8,Z008E0142,139.71
8,Z008E0144,119.82
8,Z008E0145,137.76
8,Z008E0147,129.57
8,Z008E0148,108.47
8,Z008E0149,125.05
8,Z008E0150,119.79
8,Z008E0151,117.54
8,Z008E0152,125.77
8,Z008E0153,104.61
8,Z008E0155,119.51
8,Z008E0156,115.68
8,Z008E0157,121.03
8,Z008E0158,150.55
8,Z008E0159,113.2
8,Z008E0160,101
8,Z008E0161,124.8
8,Z008E0162,136.78
8,Z008E0163,110.77
8,Z008E0164,114.3
8,Z008E0165,142.38
8,Z008E0166,121.31
8,Z008E0167,119.31
8,Z008E0168,116.12
8,Z008E0169,121.06
8,Z008E0170,161.32
8,Z008E0171,118
8,Z008E0172,121.08
8,Z008E0174,111.23
8,Z008E0175,133.08
8,Z008E0176,126.9
8,Z008E0177,119.84
8,Z008E0178,135.01
8,Z008E0179,126.13
8,Z008E0180,136.44
8,Z008E0181,114.84
8,Z008E0182,140.67
8,Z008E0184,134.18
8,Z008E0185,113.11
8,Z008E0186,117.7
8,Z008E0187,131.99
8,Z008E0188,125.4
8,Z008E0189,117.12
8,Z008E0191,126.81
8,Z008E0192,104.03
8,Z008E0193,131.92
8,Z008E0194,114.89
8,Z008E0195,122.32
8,Z008E0196,132.53
8,Z008E0197,112.2
8,Z008E0198,107.62
8,Z008E0199,116.25
8,Z008E0200,98.95
9,Z009E0008,132.32
9,Z009E0009,145.93
9,Z009E0010,152.71
9,Z009E0012,128.26
9,Z009E0013,128.92
9,Z009E0014,140.92
9,Z009E0015,129.97
9,Z009E0016,132.33
9,Z009E0018,119.06
9,Z009E0019,144.49
9,Z009E0020,131.97
9,Z009E0021,134.96
9,Z009E0022,141.34
9,Z009E0023,129.09
9,Z009E0024,135.98
9,Z009E0025,137.66
9,Z009E0026,128.33
9,Z009E0027,123.96
9,Z009E0028,157.55
9,Z009E0029,134.89
9,Z009E0030,138.35
9,Z009E0031,122.49
9,Z009E0032,120.04
9,Z009E0033,148.64
9,Z009E0034,133.08
9,Z009E0035,131.58
9,Z009E0036,136.04
9,Z009E0037,133.81
9,Z009E0038,104.59
9,Z009E0039,114.46
9,Z009E0040,143.22
9,Z009E0041,133.28
9,Z009E0042,115.75
9,Z009E0043,131.37
9,Z009E0044,139.73
9,Z009E0045,147.63
9,Z009E0047,126.51
9,Z009E0048,116.09
9,Z009E0049,149.27
9,Z009E0050,115.55
9,Z009E0051,143.72
9,Z009E0053,139.36
9,Z009E0054,129.44
9,Z009E0055,128.68
9,Z009E0056,144.32
9,Z009E0057,131.42
9,Z009E0058,126.36
9,Z009E0059,129.45
9,Z009E0060,114.86
9,Z009E0061,149.16
9,Z009E0062,125.82
9,Z009E0063,136.19
9,Z009E0064,126.21
9,Z009E0066,123.62
9,Z009E0067,122.69
9,Z009E0068,146.75
9,Z009E0069,121.22
9,Z009E0070,131.93
9,Z009E0071,133.78
9,Z009E0072,125.58
9,Z009E0073,134.05
9,Z009E0074,118.17
9,Z009E0075,135.52
9,Z009E0076,142.98
9,Z009E0077,128.37
9,Z009E0078,107.77
9,Z009E0079,134.89
9,Z009E0080,110.73
9,Z009E0082,103.94
9,Z009E0083,135.1
9,Z009E0084,129.66
9,Z009E0085,136.26
9,Z009E0086,153.34
9,Z009E0087,116.46
9,Z009E0088,117.35
9,Z009E0089,132.39
9,Z009E0090,134.38
9,Z009E0091,125.46
9,Z009E0092,133.39
9,Z009E0093,106.09
9,Z009E0094,112.66
9,Z009E0095,128.54
9,Z009E0096,110.19
9,Z009E0097,99.13
9,Z009E0098,138.11
9,Z009E0100,125.87
9,Z009E0101,133.33
9,Z009E0102,146.65
9,Z009E0103,130.52
9,Z009E0104,142.31
9,Z009E0105,120.02
9,Z009E0106,128.57
9,Z009E0107,113.68
9,Z009E0108,132.54
9,Z009E0109,127.65
9,Z009E0110,130.48
9,Z009E0111,137.87
9,Z009E0112,109.78
9,Z009E0113,148.15
9,Z009E0114,128.94
9,Z009E0115,129.86
9,Z009E0116,137.39
9,Z009E0117,110.54
9,Z009E0118,126
9,Z009E0119,138.97
9,Z009E0120,139.8
9,Z009E0121,120.1
9,Z009E0122,103.31
9,Z009E0123,126.94
9,Z009E0124,140.61
9,Z009E0125,122.46
9,Z009E0126,119.89
9,Z009E0127,117.43
9,Z009E0128,118.21
9,Z009E0129,133.9
9,Z009E0130,129.81
9,Z009E0131,132.83
9,Z009E0132,151.1
9,Z009E0133,125.82
9,Z009E0134,145.71
9,Z009E0135,123.05
9,Z009E0136,135.66
9,Z009E0137,128.2
9,Z009E0138,130.64
9,Z009E0139,126.73
9,Z009E0140,116.88
9,Z009E0141,125.32
9,Z009E0142,141.69
9,Z009E0143,127.87
9,Z009E0144,157.86
9,Z009E0146,151.58
9,Z009E0147,146.06
9,Z009E0149,146.74
9,Z009E0150,131.03
9,Z009E0151,144.71
9,Z009E0152,148.62
9,Z009E0153,138.18
9,Z009E0154,137.32
9,Z009E0155,145.65
9,Z009E0156,129.35
9,Z009E0157,140.29
9,Z009E0158,140.06
9,Z009E0159,134.69
9,Z009E0161,178.67
9,Z009E0162,132.9
9,Z009E0163,145.21
9,Z009E0164,121.32
9,Z009E0165,155.71
9,Z009E0166,137.11
9,Z009E0167,143.84
9,Z009E0168,136.44
9,Z009E0169,137.32
9,Z009E0170,144.61
9,Z009E0173,120.1
9,Z009E0174,136.74
9,Z009E0175,116.84
9,Z009E0176,127.77
9,Z009E0177,115.7
9,Z009E0179,134.75
9,Z009E0180,135.46
9,Z009E0181,105.19
9,Z009E0182,132.41
9,Z009E0183,119.13
9,Z009E0184,129.17
9,Z009E0186,131.34
9,Z009E0187,134.11
9,Z009E0190,152.43
9,Z009E0191,144.28
9,Z009E0192,124.8
9,Z009E0193,122.6
9,Z009E0194,121.64
9,Z009E0196,135.15
9,Z009E0197,133.01
9,Z009E0198,123.09
9,Z009E0199,127.77
9,Z009E0200,130.13
10,Z010E0001,140.42
10,Z010E0002,134.23
10,Z010E0003,146.65
10,Z010E0007,128.56
10,Z010E0008,115.88
10,Z010E0009,108.3
10,Z010E0010,127.91
10,Z010E0011,119.93
10,Z010E0012,119.02
10,Z010E0013,121.16
10,Z010E0015,116.37
10,Z010E0017,119.52
10,Z010E0018,135.37
10,Z010E0021,108.22
10,Z010E0022,138.75
10,Z010E0023,116.2
10,Z010E0024,132.31
10,Z010E0025,123.38
10,Z010E0026,127.49
10,Z010E0027,132.88
10,Z010E0028,109.46
10,Z010E0029,152.4
10,Z010E0030,113.9
10,Z010E0032,120.4
10,Z010E0033,140.5
10,Z010E0034,157.47
10,Z010E0035,128.81
10,Z010E0036,154.67
10,Z010E0037,118.23
10,Z010E0038,129.35
10,Z010E0039,136.27
10,Z010E0040,114.44
10,Z010E0041,124.4
10,Z010E0042,123.71
10,Z010E0043,144.58
10,Z010E0044,127.78
10,Z010E0045,120.52
10,Z010E0046,127.75
10,Z010E0047,129.51
10,Z010E0048,120.37
10,Z010E0049,97.74
10,Z010E0050,127.96
10,Z010E0051,125.5
10,Z010E0052,134.88
10,Z010E0053,135.87
10,Z010E0054,140.34
10,Z010E0055,143.75
10,Z010E0056,138.47
10,Z010E0057,132.89
10,Z010E0058,113.28
10,Z010E0059,126.63
10,Z010E0060,128.97
10,Z010E0061,156.52
10,Z010E0062,136.52
10,Z010E0063,127.7
10,Z010E0064,127.81
10,Z010E0065,116.92
10,Z010E0066,100.42
10,Z010E0067,126.59
10,Z010E0068,135.38
10,Z010E0069,159.86
10,Z010E0070,115.72
10,Z010E0071,133.94
10,Z010E0072,138.21
10,Z010E0075,134.74
10,Z010E0076,123.94
10,Z010E0077,118.33
10,Z010E0078,118.85
10,Z010E0079,112.59
10,Z010E0080,131.88
10,Z010E0081,105.81
10,Z010E0082,102.5
10,Z010E0083,149.49
10,Z010E0084,117.27
10,Z010E0085,116.36
10,Z010E0086,118.44
10,Z010E0087,110.73
10,Z010E0088,121.48
10,Z010E0089,131.96
10,Z010E0090,119.28
10,Z010E0091,136.53
10,Z010E0092,114.08
10,Z010E0094,123.56
10,Z010E0095,125.28
10,Z010E0098,110.91
10,Z010E0099,121.16
10,Z010E0100,118.21
10,Z010E0101,127.42
10,Z010E0103,118.99
10,Z010E0104,129.95
10,Z010E0105,110.76
10,Z010E0106,131.21
10,Z010E0107,108.43
10,Z010E0108,119.74
10,Z010E0110,156.39
10,Z010E0111,114.67
10,Z010E0112,137.6
10,Z010E0113,129.96
10,Z010E0114,122.69
10,Z010E0115,122.56
10,Z010E0116,121.42
10,Z010E0117,123.36
10,Z010E0118,124.97
10,Z010E0119,137.37
10,Z010E0120,142.83
10,Z010E0121,130.37
10,Z010E0122,132.26
10,Z010E0123,119.1
10,Z010E0124,146.83
10,Z010E0125,116.93
10,Z010E0126,110.48
10,Z010E0127,124.79
10,Z010E0128,140.61
10,Z010E0129,109.84
10,Z010E0130,130.55
10,Z010E0131,137.79
10,Z010E0132,123.71
10,Z010E0133,125.61
10,Z010E0134,131.8
10,Z010E0135,120.56
10,Z010E0136,147.79
10,Z010E0137,118.84
10,Z010E0138,144.62
10,Z010E0139,132
10,Z010E0141,122.84
10,Z010E0142,134.75
10,Z010E0143,122.61
10,Z010E0144,120.5
10,Z010E0145,134.03
10,Z010E0147,138.3
10,Z010E0148,134.5
10,Z010E0149,131.89
10,Z010E0150,119.77
10,Z010E0151,99.08
10,Z010E0153,140.29
10,Z010E0154,130.51
10,Z010E0155,104.13
10,Z010E0156,129.21
10,Z010E0157,122.87
10,Z010E0158,128.42
10,Z010E0159,132.76
10,Z010E0160,131.79
10,Z010E0161,124.08
10,Z010E0162,132.91
10,Z010E0163,128.01
10,Z010E0164,134.56
10,Z010E0165,126.25
10,Z010E0166,139.6
10,Z010E0167,139.52
10,Z010E0169,139.9
10,Z010E0170,152.74
10,Z010E0171,135.13
10,Z010E0172,136.6
10,Z010E0173,160.24
10,Z010E0174,121.72
10,Z010E0175,126.07
10,Z010E0176,128.97
10,Z010E0178,112.57
10,Z010E0179,123.18
10,Z010E0180,105.37
10,Z010E0181,139.28
10,Z010E0182,111.56
10,Z010E0184,111.41
10,Z010E0185,117.67
10,Z010E0186,123
10,Z010E0187,117.53
10,Z010E0188,127.07
10,Z010E0189,127.59
10,Z010E0190,111.27
10,Z010E0191,163.08
10,Z010E0192,122.47
10,Z010E0193,141.35
10,Z010E0194,162.09
10,Z010E0196,122.25
10,Z010E0197,128.72
10,Z010E0198,128.41
10,Z010E0200,140.1
11,Z011E0001,107.65
11,Z011E0002,117.31
11,Z011E0003,113.17
11,Z011E0004,115.17
11,Z011E0005,122.12
11,Z011E0006,105.29
11,Z011E0007,129.01
11,Z011E0008,127.92
11,Z011E0010,120.15
11,Z011E0011,128.75
11,Z011E0012,126.93
11,Z011E0013,108.82
11,Z011E0014,111.66
11,Z011E0015,107.43
11,Z011E0016,120.25
11,Z011E0017,112.31
11,Z011E0018,132.07
11,Z011E0019,132.91
11,Z011E0020,110.98
11,Z011E0021,117.03
11,Z011E0022,108.83
11,Z011E0023,122.63
11,Z011E0024,107.11
11,Z011E0025,108.41
11,Z011E0026,119.25
11,Z011E0027,108.07
11,Z011E0028,118.25
11,Z011E0029,119.17
11,Z011E0030,111.61
11,Z011E0031,106.11
11,Z011E0032,144.17
11,Z011E0033,139.2
11,Z011E0034,137.25
11,Z011E0035,114.98
11,Z011E0036,123.69
11,Z011E0037,142.71
11,Z011E0038,118.52
11,Z011E0039,110.81
11,Z011E0041,108.82
11,Z011E0043,105.69
11,Z011E0044,94.45
11,Z011E0045,135.28
11,Z011E0046,129.07
11,Z011E0047,104.82
11,Z011E0048,118.98
11,Z011E0049,124.7
11,Z011E0050,102.03
11,Z011E0051,124.3
11,Z011E0052,108.75
11,Z011E0053,118.05
11,Z011E0054,105.11
11,Z011E0055,110.47
11,Z011E0056,106.5
11,Z011E0057,116.57
11,Z011E0058,117.83
11,Z011E0059,109.87
11,Z011E0062,113.04
11,Z011E0063,124.1
11,Z011E0064,102.39
11,Z011E0065,120.91
11,Z011E0067,115.5
11,Z011E0068,119.94
11,Z011E0069,114.83
11,Z011E0070,105.68
11,Z011E0071,136.66
11,Z011E0072,127.81
11,Z011E0073,121.85
11,Z011E0074,118.52
11,Z011E0075,108.6
11,Z011E0076,116.57
11,Z011E0077,116.84
11,Z011E0080,114.39
11,Z011E0081,108.76
11,Z011E0082,96.32
11,Z011E0083,131.26
11,Z011E0084,107.63
11,Z011E0085,105.13
11,Z011E0086,115.21
11,Z011E0087,117.2
11,Z011E0088,119.93
11,Z011E0089,109.16
11,Z011E0090,100.88
11,Z011E0091,102.45
11,Z011E0092,116.07
11,Z011E0093,121.26
11,Z011E0094,132.06
11,Z011E0095,107.73
11,Z011E0096,105.6
11,Z011E0098,104.02
11,Z011E0099,117.69
11,Z011E0100,108.52
11,Z011E0101,128.64
11,Z011E0102,128.3
11,Z011E0103,108.94
11,Z011E0104,104.78
11,Z011E0106,109.36
11,Z011E0107,104.24
11,Z011E0108,113.07
11,Z011E0109,106.45
11,Z011E0110,132.67
11,Z011E0111,127.45
11,Z011E0112,91.09
11,Z011E0113,121.6
11,Z011E0115,110.01
11,Z011E0116,118.86
11,Z011E0120,106.13
11,Z011E0121,108.63
11,Z011E0122,130.58
11,Z011E0123,118.47
11,Z011E0124,112.59
11,Z011E0125,137.45
11,Z011E0126,113.68
11,Z011E0127,128.22
11,Z011E0128,102.48
11,Z011E0129,103.82
11,Z011E0130,129.91
11,Z011E0131,104.74
11,Z011E0132,104.43
11,Z011E0133,113.86
11,Z011E0134,135
11,Z011E0135,144.75
11,Z011E0136,126.22
11,Z011E0137,126.74
11,Z011E0138,147.22
11,Z011E0139,96.86
11,Z011E0140,110.56
11,Z011E0141,92.84
11,Z011E0142,97.39
11,Z011E0143,138.1
11,Z011E0144,92.98
11,Z011E0145,113.42
11,Z011E0146,138.93
11,Z011E0147,135.35
11,Z011E0148,121.35
11,Z011E0149,126.55
11,Z011E0150,119.1
11,Z011E0151,108.25
11,Z011E0152,102.83
11,Z011E0153,123.22
11,Z011E0155,122.11
11,Z011E0156,132.88
11,Z011E0157,134.67
11,Z011E0158,102.05
11,Z011E0159,121.66
11,Z011E0160,117.29
11,Z011E0162,115.69
11,Z011E0163,124.71
11,Z011E0164,105.23
11,Z011E0165,120.45
11,Z011E0166,144.71
11,Z011E0167,101.34
11,Z011E0168,117.17
11,Z011E0169,110.54
11,Z011E0170,115.53
11,Z011E0171,127.63
11,Z011E0172,113.8
11,Z011E0173,128.9
11,Z011E0174,94.11
11,Z011E0175,110.11
11,Z011E0176,117.76
11,Z011E0177,124.34
11,Z011E0178,105.65
11,Z011E0179,118.42
11,Z011E0180,109.5
11,Z011E0181,103.26
11,Z011E0182,141.04
11,Z011E0183,116.13
11,Z011E0184,119.56
11,Z011E0185,134.26
11,Z011E0186,120.63
11,Z011E0187,132.89
11,Z011E0188,106.66
11,Z011E0189,130.93
11,Z011E0190,113.62
11,Z011E0191,104.66
11,Z011E0192,107.76
11,Z011E0193,122.02
11,Z011E0194,105
11,Z011E0195,103.61
11,Z011E0196,126.75
11,Z011E0198,123.79
11,Z011E0199,117.07
11,Z011E0200,125.37
12,Z012E0001,142.37
12,Z012E0002,126.19
12,Z012E0003,113.37
12,Z012E0004,131.47
12,Z012E0005,114.74
12,Z012E0006,125.88
12,Z012E0008,133.49
12,Z012E0009,137.37
12,Z012E0010,130.45
12,Z012E0011,139.67
12,Z012E0012,152.8
12,Z012E0013,121.87
12,Z012E0014,135.89
12,Z012E0016,135.15
12,Z012E0017,134.6
12,Z012E0018,128.91
12,Z012E0019,100.59
12,Z012E0020,117.83
12,Z012E0021,145.01
12,Z012E0022,140.42
12,Z012E0023,135.6
12,Z012E0024,136
12,Z012E0025,120.99
12,Z012E0026,129.72
12,Z012E0027,116.07
12,Z012E0028,112.21
12,Z012E0029,123.96
12,Z012E0030,135.02
12,Z012E0031,162.22
12,Z012E0033,134.05
12,Z012E0035,111.21
12,Z012E0036,149.87
12,Z012E0037,139.12
12,Z012E0038,114.76
12,Z012E0040,115.79
12,Z012E0041,118.91
12,Z012E0042,157.35
12,Z012E0043,135.39
12,Z012E0044,142.57
12,Z012E0045,123.27
12,Z012E0046,118.33
12,Z012E0047,149.59
12,Z012E0048,147.02
12,Z012E0049,120.69
12,Z012E0050,133.78
12,Z012E0051,143.16
12,Z012E0053,139.98
12,Z012E0054,125.08
12,Z012E0056,150.04
12,Z012E0057,121.43
12,Z012E0058,158.91
12,Z012E0059,146.42
12,Z012E0060,125.98
12,Z012E0061,127.75
12,Z012E0062,130.66
12,Z012E0063,127.45
12,Z012E0064,150.58
12,Z012E0065,140.22
12,Z012E0067,137.9
12,Z012E0068,131.05
12,Z012E0069,128.17
12,Z012E0070,133.73
12,Z012E0071,134.15
12,Z012E0072,120.51
12,Z012E0073,138.89
12,Z012E0074,128.88
12,Z012E0075,131.76
12,Z012E0076,146.13
12,Z012E0077,129.42
12,Z012E0078,118.88
12,Z012E0079,128.35
12,Z012E0080,129.27
12,Z012E0081,124.21
12,Z012E0082,135
12,Z012E0083,120.03
12,Z012E0084,143.64
12,Z012E0085,137.7
12,Z012E0086,150.66
12,Z012E0087,119.79
12,Z012E0088,130.38
12,Z012E0089,136.52
12,Z012E0090,126.25
12,Z012E0091,123.91
12,Z012E0092,140.97
12,Z012E0093,135.25
12,Z012E0094,128.01
12,Z012E0095,128.78
12,Z012E0096,142.82
12,Z012E0097,113.26
12,Z012E0098,132.23
12,Z012E0099,137.21
12,Z012E0100,118.07
12,Z012E0101,128.27
12,Z012E0102,143.79
12,Z012E0103,137.85
12,Z012E0104,141.06
12,Z012E0106,137.65
12,Z012E0107,137.13
12,Z012E0108,140.9
12,Z012E0109,148.15
12,Z012E0110,137.66
12,Z012E0111,129.47
12,Z012E0112,136.99
12,Z012E0113,147.79
12,Z012E0114,142.03
12,Z012E0115,121.64
12,Z012E0116,168.53
12,Z012E0117,141.57
12,Z012E0119,144.65
12,Z012E0120,138.51
12,Z012E0121,108.35
12,Z012E0122,136.11
12,Z012E0123,146.02
12,Z012E0124,153.6
12,Z012E0125,108.59
12,Z012E0126,137.66
12,Z012E0127,132.25
12,Z012E0129,131.68
12,Z012E0130,126.15
12,Z012E0132,123.44
12,Z012E0133,114.81
12,Z012E0134,137.47
12,Z012E0135,126.78
12,Z012E0136,132.42
12,Z012E0137,127.82
12,Z012E0138,133.09
12,Z012E0139,140.77
12,Z012E0141,165.02
12,Z012E0142,141.78
12,Z012E0143,125.55
12,Z012E0144,136.66
12,Z012E0145,151.11
12,Z012E0147,152.08
12,Z012E0148,138.53
12,Z012E0149,115.1
12,Z012E0150,128.44
12,Z012E0151,136.81
12,Z012E0152,123.57
12,Z012E0154,126.11
12,Z012E0155,128.69
12,Z012E0159,125.99
12,Z012E0160,126.69
12,Z012E0161,125.03
12,Z012E0163,162.08
12,Z012E0164,125.15
12,Z012E0165,142.04
12,Z012E0166,127.11
12,Z012E0167,142.63
12,Z012E0168,134.27
12,Z012E0169,119.56
12,Z012E0170,146.3
12,Z012E0171,131.14
12,Z012E0172,121.15
12,Z012E0173,134.74
12,Z012E0174,133.59
12,Z012E0175,132.03
12,Z012E0176,116.78
12,Z012E0177,139.72
12,Z012E0178,140.36
12,Z012E0180,140.88
12,Z012E0181,122.77
12,Z012E0182,144.98
12,Z012E0183,135.83
12,Z012E0184,125.6
12,Z012E0185,135.49
12,Z012E0186,135.49
12,Z012E0187,121.37
12,Z012E0188,132.86
12,Z012E0189,150.22
12,Z012E0190,133.81
12,Z012E0191,120.13
12,Z012E0192,119.98
12,Z012E0193,130.3
12,Z012E0194,132.92
12,Z012E0195,147.26
12,Z012E0196,121.48
12,Z012E0197,128.9
12,Z012E0198,133.9
12,Z012E0199,129.89
12,Z012E0200,125.78
13,Z013E0001,112.01
13,Z013E0002,155.25
13,Z013E0003,159.58
13,Z013E0004,100.47
13,Z013E0005,134.92
13,Z013E0006,126.75
13,Z013E0007,124.11
13,Z013E0009,115.06
13,Z013E0010,142.65
13,Z013E0012,143.74
13,Z013E0013,129.09
13,Z013E0014,102.32
13,Z013E0015,135.35
13,Z013E0016,125.79
13,Z013E0018,158.11
13,Z013E0019,119.65
13,Z013E0020,131.4
13,Z013E0021,137.27
13,Z013E0022,148.09
13,Z013E0023,122.28
13,Z013E0024,106.46
13,Z013E0025,128.59
13,Z013E0026,133.72
13,Z013E0027,124.9
13,Z013E0028,129.56
13,Z013E0029,151.62
13,Z013E0030,132.08
13,Z013E0031,140.85
13,Z013E0033,111.58
13,Z013E0034,135.82
13,Z013E0035,137.61
13,Z013E0036,141.87
13,Z013E0037,132.83
13,Z013E0038,125.08
13,Z013E0039,137.39
13,Z013E0040,124.74
13,Z013E0042,102.1
13,Z013E0043,130.56
13,Z013E0044,137.32
13,Z013E0045,135.98
13,Z013E0046,151.42
13,Z013E0049,140.23
13,Z013E0050,127.03
13,Z013E0051,142.19
13,Z013E0052,123.26
13,Z013E0053,111.18
13,Z013E0054,129.31
13,Z013E0055,143.73
13,Z013E0056,114.19
13,Z013E0057,117.52
13,Z013E0058,121.72
13,Z013E0059,103
13,Z013E0060,118.24
13,Z013E0061,117.91
13,Z013E0062,136.04
13,Z013E0063,117.07
13,Z013E0065,110.89
13,Z013E0066,108.91
13,Z013E0067,177.33
13,Z013E0068,124.17
13,Z013E0069,143.95
13,Z013E0071,159.29
13,Z013E0072,130.81
13,Z013E0073,121.88
13,Z013E0074,141.05
13,Z013E0075,108.66
13,Z013E0076,119.04
13,Z013E0077,133.95
13,Z013E0078,112.23
13,Z013E0079,119.06
13,Z013E0081,145.37
13,Z013E0082,127.3
13,Z013E0083,116.05
13,Z013E0084,94.25
13,Z013E0085,141.21
13,Z013E0086,143.53
13,Z013E0087,150.2
13,Z013E0088,144.72
13,Z013E0089,154.55
13,Z013E0090,138.8
13,Z013E0091,107.94
13,Z013E0092,105.39
13,Z013E0093,99.17
13,Z013E0094,114.57
13,Z013E0095,131.37
13,Z013E0096,119.91
13,Z013E0097,135.36
13,Z013E0098,127.43
13,Z013E0099,113.32
13,Z013E0100,130.62
13,Z013E0101,142.11
13,Z013E0102,118.15
13,Z013E0103,108.82
13,Z013E0104,127.27
13,Z013E0105,154.57
13,Z013E0109,162.65
13,Z013E0110,136.67
13,Z013E0112,121.69
13,Z013E0113,158.44
13,Z013E0114,119.79
13,Z013E0115,143.09
13,Z013E0116,138.49
13,Z013E0117,142.63
13,Z013E0118,157.27
13,Z013E0119,105.9
13,Z013E0120,130.61
13,Z013E0122,136.01
13,Z013E0123,121.57
13,Z013E0124,107.73
13,Z013E0125,105.47
13,Z013E0126,104.23
13,Z013E0127,154.67
13,Z013E0128,128.49
13,Z013E0129,146.3
13,Z013E0130,129.33
13,Z013E0131,115.65
13,Z013E0132,135.88
13,Z013E0133,125.14
13,Z013E0134,130.44
14,Z014E0001,151.53
14,Z014E0002,154.66
14,Z014E0003,140.04
14,Z014E0004,146.08
14,Z014E0005,138.74
14,Z014E0006,138.3
14,Z014E0007,155.85
14,Z014E0008,144.44
14,Z014E0009,160.04
14,Z014E0010,152.67
14,Z014E0011,126.51
14,Z014E0012,126.4
14,Z014E0013,127.77
14,Z014E0014,130.78
14,Z014E0015,132.92
14,Z014E0016,135.71
14,Z014E0017,105.43
14,Z014E0018,142.91
14,Z014E0019,116.95
14,Z014E0020,147.49
14,Z014E0021,127.52
14,Z014E0022,147.78
14,Z014E0023,135.03
14,Z014E0024,141.14
14,Z014E0025,167.29
14,Z014E0026,142.97
14,Z014E0027,131.45
14,Z014E0028,135.75
14,Z014E0029,154.92
14,Z014E0030,134.92
14,Z014E0031,127.13
14,Z014E0033,140.1
14,Z014E0034,166.4
14,Z014E0036,141.15
14,Z014E0038,127.18
14,Z014E0039,140.42
14,Z014E0040,115.87
14,Z014E0041,141.82
14,Z014E0042,128.13
14,Z014E0043,124.57
14,Z014E0044,124.36
14,Z014E0045,124.17
14,Z014E0046,123.72
14,Z014E0047,144.39
14,Z014E0048,138
14,Z014E0049,141.19
14,Z014E0050,130.22
14,Z014E0052,125.94
14,Z014E0053,147.64
14,Z014E0054,130.8
14,Z014E0055,116.48
14,Z014E0056,129.58
14,Z014E0057,115.13
14,Z014E0058,130.33
14,Z014E0059,130.1
14,Z014E0060,150.15
14,Z014E0062,133.96
14,Z014E0063,128.75
14,Z014E0064,124.72
14,Z014E0065,118.2
14,Z014E0066,107.16
14,Z014E0067,136.7
14,Z014E0068,148.76
14,Z014E0069,154.19
14,Z014E0070,153.65
14,Z014E0071,124.24
14,Z014E0072,117.37
14,Z014E0073,118.45
14,Z014E0074,148.05
14,Z014E0075,143.38
14,Z014E0076,145.74
14,Z014E0077,130.46
14,Z014E0078,133.69
14,Z014E0079,142.45
14,Z014E0080,124.92
14,Z014E0081,132.7
14,Z014E0082,116.17
14,Z014E0083,120.29
14,Z014E0084,138.63
14,Z014E0085,153.15
14,Z014E0086,121.7
14,Z014E0087,138.14
14,Z014E0088,109.85
14,Z014E0089,133.16
14,Z014E0090,137
14,Z014E0091,126.85
14,Z014E0092,137.47
14,Z014E0093,138.16
14,Z014E0094,135.39
14,Z014E0095,145.71
14,Z014E0096,123.18
14,Z014E0097,124.25
14,Z014E0098,124.92
14,Z014E0099,124.32
14,Z014E0100,135.36
14,Z014E0101,115.91
14,Z014E0102,138.66
14,Z014E0105,148.77
14,Z014E0106,126.61
14,Z014E0107,136.44
14,Z014E0108,131.32
14,Z014E0109,129.53
14,Z014E0110,120.43
14,Z014E0111,134.86
14,Z014E0112,115.23
14,Z014E0113,155.42
14,Z014E0114,137.34
14,Z014E0115,132.7
14,Z014E0116,131.34
14,Z014E0117,123.41
14,Z014E0118,135.35
14,Z014E0119,130.95
14,Z014E0120,132.74
14,Z014E0121,131.98
14,Z014E0122,140.72
14,Z014E0123,120.26
14,Z014E0124,142.36
14,Z014E0125,137.06
14,Z014E0126,135.31
14,Z014E0127,128.4
14,Z014E0128,127.15
14,Z014E0129,136.83
14,Z014E0130,132.9
14,Z014E0131,129.02
14,Z014E0132,130.85
14,Z014E0133,130.08
14,Z014E0134,125.37
14,Z014E0135,141.25
14,Z014E0136,117.67
14,Z014E0137,131.12
14,Z014E0138,131.75
14,Z014E0139,145.2
14,Z014E0140,152.62
14,Z014E0142,137.99
14,Z014E0143,124.53
14,Z014E0144,152.03
14,Z014E0145,145.58
14,Z014E0146,116.97
14,Z014E0148,145.6
14,Z014E0149,129.51
14,Z014E0150,153.23
14,Z014E0151,143.42
14,Z014E0152,122.03
14,Z014E0153,117.12
14,Z014E0154,117.89
14,Z014E0155,141.85
14,Z014E0156,153.53
14,Z014E0157,140.35
14,Z014E0158,143.19
14,Z014E0159,121.36
14,Z014E0160,122.78
14,Z014E0161,132.91
14,Z014E0162,132.69
14,Z014E0163,127.3
14,Z014E0164,129.72
14,Z014E0165,128.03
14,Z014E0166,142.87
14,Z014E0167,115.03
14,Z014E0168,145.01
14,Z014E0169,138.32
14,Z014E0170,138.24
14,Z014E0172,145.17
14,Z014E0173,125.83
14,Z014E0174,118.1
14,Z014E0175,144.47
14,Z014E0176,130.41
14,Z014E0177,143.42
14,Z014E0178,149.25
14,Z014E0179,148.8
14,Z014E0180,133.64
14,Z014E0181,140.91
14,Z014E0182,129.73
14,Z014E0183,143.22
14,Z014E0184,135.96
14,Z014E0185,114.41
14,Z014E0188,104.33
14,Z014E0189,126.96
14,Z014E0190,113.33
14,Z014E0191,126.87
14,Z014E0192,140.35
14,Z014E0193,129.34
14,Z014E0194,133.21
14,Z014E0195,113.42
14,Z014E0196,115.36
14,Z014E0198,133.58
14,Z014E0199,125.06
14,Z014E0200,133.53
15,Z015E0001,141.96
15,Z015E0002,130.56
15,Z015E0003,118.55
15,Z015E0004,147.47
15,Z015E0005,137.54
15,Z015E0006,117.45
15,Z015E0007,90.01
15,Z015E0008,147.72
15,Z015E0009,138.5
15,Z015E0010,132.62
15,Z015E0011,127.93
15,Z015E0012,132.02
15,Z015E0013,134.94
15,Z015E0014,128.19
15,Z015E0015,116.87
15,Z015E0016,164.87
15,Z015E0017,131.37
15,Z015E0019,113.59
15,Z015E0020,101.69
15,Z015E0021,129.03
15,Z015E0022,122.86
15,Z015E0023,134.97
15,Z015E0024,106.89
15,Z015E0027,135.08
15,Z015E0028,128.26
15,Z015E0029,136.68
15,Z015E0030,110.28
15,Z015E0032,124.7
15,Z015E0034,124.13
15,Z015E0035,162.09
15,Z015E0036,139.5
15,Z015E0037,128.55
15,Z015E0038,124.81
15,Z015E0039,146.88
15,Z015E0040,136.43
15,Z015E0041,139.66
15,Z015E0042,134.43
15,Z015E0043,121.86
15,Z015E0044,129.43
15,Z015E0045,114.9
15,Z015E0046,121.29
15,Z015E0047,130.14
15,Z015E0048,121.72
15,Z015E0049,129.49
15,Z015E0050,113.41
15,Z015E0051,108.23
15,Z015E0052,150.51
15,Z015E0053,113.32
15,Z015E0054,138.84
15,Z015E0055,124.28
15,Z015E0056,123.39
15,Z015E0057,133.61
15,Z015E0058,96.43
15,Z015E0059,135.15
15,Z015E0060,138.09
15,Z015E0061,127.45
15,Z015E0062,120.47
15,Z015E0063,137.84
15,Z015E0064,133.77
15,Z015E0065,136.11
15,Z015E0066,113.57
15,Z015E0067,123.35
15,Z015E0068,136.76
15,Z015E0069,141.05
15,Z015E0070,136.65
15,Z015E0071,140.56
15,Z015E0072,111.57
15,Z015E0073,147.45
15,Z015E0074,150.1
15,Z015E0075,131.15
15,Z015E0076,103.03
15,Z015E0077,108.87
15,Z015E0078,142.04
15,Z015E0079,144.53
15,Z015E0080,141.39
15,Z015E0081,145
15,Z015E0082,133.04
15,Z015E0083,135.62
15,Z015E0085,137.96
15,Z015E0086,152.72
15,Z015E0088,130.86
15,Z015E0090,134.36
15,Z015E0091,141.08
15,Z015E0092,126.1
15,Z015E0093,129.04
15,Z015E0094,122.53
15,Z015E0095,159.94
15,Z015E0096,128.67
15,Z015E0097,122.96
15,Z015E0099,129.55
15,Z015E0100,137.19
15,Z015E0101,134.93
15,Z015E0103,119.24
15,Z015E0104,140.63
15,Z015E0105,125.2
15,Z015E0106,132.45
15,Z015E0107,120
15,Z015E0109,149.52
15,Z015E0110,128.47
15,Z015E0111,129.68
15,Z015E0113,112.57
15,Z015E0114,121.89
15,Z015E0116,143.5
15,Z015E0118,135.85
15,Z015E0119,130.54
15,Z015E0120,142.23
15,Z015E0123,129.13
15,Z015E0125,123.38
15,Z015E0127,150.86
15,Z015E0128,127.48
15,Z015E0129,130.16
15,Z015E0130,149.71
15,Z015E0131,132.23
15,Z015E0132,118.76
15,Z015E0133,105.15
15,Z015E0134,145.85
15,Z015E0135,103.17
15,Z015E0136,146.59
15,Z015E0137,140.62
15,Z015E0138,140.33
15,Z015E0140,113.14
15,Z015E0141,120.71
15,Z015E0142,131.53
15,Z015E0143,132.67
15,Z015E0144,132.08
15,Z015E0145,126.69
15,Z015E0146,131.86
15,Z015E0147,141.96
15,Z015E0148,146.79
15,Z015E0149,116.73
15,Z015E0150,133.37
15,Z015E0151,105.73
15,Z015E0152,123.67
15,Z015E0154,112.71
15,Z015E0155,123.86
15,Z015E0156,123.34
15,Z015E0158,120.45
15,Z015E0159,129.71
15,Z015E0160,117.69
15,Z015E0161,115.71
15,Z015E0162,139.62
15,Z015E0163,131.15
15,Z015E0164,116.15
15,Z015E0165,112.64
15,Z015E0166,112.31
15,Z015E0167,135.24
15,Z015E0168,134.45
15,Z015E0169,129.4
15,Z015E0171,122.81
15,Z015E0172,112.81
15,Z015E0173,153.06
15,Z015E0174,123.25
15,Z015E0175,123.11
15,Z015E0176,153.58
15,Z015E0177,132.41
15,Z015E0178,141.93
15,Z015E0179,142.45
15,Z015E0180,123
15,Z015E0181,123.94
15,Z015E0182,124.64
15,Z015E0185,121.21
15,Z015E0186,124.42
15,Z015E0187,133.48
15,Z015E0189,145.61
15,Z015E0190,128.75
15,Z015E0191,109.64
15,Z015E0192,138.57
15,Z015E0193,147.58
15,Z015E0194,135.06
15,Z015E0196,134.49
15,Z015E0197,120.95
15,Z015E0198,128.29
15,Z015E0199,126.85
15,Z015E0200,111.5
16,Z016E0001,135.99
16,Z016E0002,130.63
16,Z016E0003,125.68
16,Z016E0004,143.8
16,Z016E0005,94.37
16,Z016E0006,137.38
16,Z016E0007,133.29
16,Z016E0008,136.04
16,Z016E0009,114.93
16,Z016E0010,134.2
16,Z016E0013,130.25
16,Z016E0014,137.23
16,Z016E0015,122.32
16,Z016E0016,152.04
16,Z016E0018,139.45
16,Z016E0019,142.92
16,Z016E0020,112.24
16,Z016E0021,121.59
16,Z016E0022,117.78
16,Z016E0023,136.36
16,Z016E0024,92.67
16,Z016E0025,135.65
16,Z016E0026,122.68
16,Z016E0027,139.95
16,Z016E0028,107.83
16,Z016E0029,129.77
16,Z016E0030,122.45
16,Z016E0031,126.54
16,Z016E0032,129.82
16,Z016E0033,166.37
16,Z016E0034,112.55
16,Z016E0035,135.94
16,Z016E0036,139.33
16,Z016E0037,133.04
16,Z016E0038,138.97
16,Z016E0040,152.18
16,Z016E0041,119.78
16,Z016E0042,128.05
16,Z016E0043,152.8
16,Z016E0044,129.97
16,Z016E0046,142.68
16,Z016E0047,117.94
16,Z016E0048,135.28
16,Z016E0049,156.8
16,Z016E0051,129.38
16,Z016E0054,124.93
16,Z016E0055,129.47
16,Z016E0056,152.85
16,Z016E0057,128.52
16,Z016E0058,151.99
16,Z016E0059,123.93
16,Z016E0060,135.79
16,Z016E0061,130.71
16,Z016E0062,126.65
16,Z016E0063,122.59
16,Z016E0064,146.68
16,Z016E0065,137.54
16,Z016E0067,123.05
16,Z016E0068,113.94
16,Z016E0069,119.27
16,Z016E0070,132.91
16,Z016E0071,134.21
16,Z016E0072,129.92
16,Z016E0073,127.36
16,Z016E0074,123.75
16,Z016E0075,123.67
16,Z016E0076,160.25
16,Z016E0077,127.61
16,Z016E0078,128.23
16,Z016E0079,124.04
16,Z016E0080,136.4
16,Z016E0082,154.68
16,Z016E0083,139.26
16,Z016E0084,144.49
16,Z016E0085,130.39
16,Z016E0086,133.22
16,Z016E0087,129.76
16,Z016E0088,141.17
16,Z016E0089,149.04
16,Z016E0090,144.18
16,Z016E0091,138.82
16,Z016E0092,144.96
16,Z016E0093,146.59
16,Z016E0094,129.96
16,Z016E0095,121.22
16,Z016E0096,132.24
16,Z016E0097,138.73
16,Z016E0098,122.21
16,Z016E0099,120.56
16,Z016E0100,119.15
16,Z016E0102,145.49
16,Z016E0103,109.98
16,Z016E0104,120.62
16,Z016E0105,118.35
16,Z016E0106,125.66
16,Z016E0107,130.74
16,Z016E0108,127.16
16,Z016E0109,116.32
16,Z016E0110,143.08
16,Z016E0111,126.59
16,Z016E0112,138.92
16,Z016E0113,141.16
16,Z016E0115,111.42
16,Z016E0116,132.25
16,Z016E0117,142.82
16,Z016E0118,137.42
16,Z016E0119,129.36
16,Z016E0120,121.15
16,Z016E0121,129.89
16,Z016E0122,126.97
16,Z016E0123,135.54
16,Z016E0125,132.67
16,Z016E0126,122.02
16,Z016E0127,138.36
16,Z016E0128,117.49
16,Z016E0129,149.49
16,Z016E0130,125.3
16,Z016E0131,131.55
16,Z016E0132,132.61
16,Z016E0133,136.96
16,Z016E0134,130.26
16,Z016E0135,124.11
16,Z016E0136,116.76
16,Z016E0137,126.92
16,Z016E0138,133.31
16,Z016E0139,132.98
16,Z016E0140,141.23
16,Z016E0141,132.18
16,Z016E0142,130.23
16,Z016E0143,136.03
16,Z016E0144,151.46
16,Z016E0145,130.93
16,Z016E0146,137.42
16,Z016E0147,111.64
16,Z016E0148,128.64
16,Z016E0149,135.65
16,Z016E0150,126.35
16,Z016E0151,123.96
16,Z016E0152,151.08
16,Z016E0153,136.43
16,Z016E0154,130.42
16,Z016E0155,130.24
16,Z016E0156,138.49
16,Z016E0157,136.11
16,Z016E0158,119.56
16,Z016E0159,134.76
16,Z016E0160,130.19
16,Z016E0161,122.72
16,Z016E0162,130.3
16,Z016E0163,125.05
16,Z016E0164,123.8
16,Z016E0165,138.44
16,Z016E0166,133.05
16,Z016E0167,135.5
16,Z016E0168,129.78
16,Z016E0170,137.92
16,Z016E0171,130.42
16,Z016E0172,113.1
16,Z016E0173,136.59
16,Z016E0174,114.9
16,Z016E0175,143.43
16,Z016E0176,114.19
16,Z016E0177,131.89
16,Z016E0178,130.9
16,Z016E0180,136.41
16,Z016E0181,142.08
16,Z016E0182,129.08
16,Z016E0183,138.91
16,Z016E0184,133.82
16,Z016E0185,148.74
16,Z016E0186,114.92
16,Z016E0187,119.67
16,Z016E0188,130.69
16,Z016E0189,126.04
16,Z016E0190,134.67
16,Z016E0191,124.1
16,Z016E0192,121.29
16,Z016E0193,136.72
16,Z016E0194,132.67
16,Z016E0195,142.94
16,Z016E0196,121.7
16,Z016E0197,126.16
16,Z016E0198,115.72
16,Z016E0199,138.76
16,Z016E0200,133.08
18,Z018E0001,127.53
18,Z018E0002,116.03
18,Z018E0003,129.27
18,Z018E0004,135.68
18,Z018E0005,112.78
18,Z018E0006,137.14
18,Z018E0007,141.63
18,Z018E0008,132.5
18,Z018E0009,149.35
18,Z018E0010,121.95
18,Z018E0011,125.28
18,Z018E0012,130.09
18,Z018E0013,131.3
18,Z018E0014,146.33
18,Z018E0015,137.53
18,Z018E0016,122.66
18,Z018E0017,141.87
18,Z018E0018,152.67
18,Z018E0019,124.68
18,Z018E0020,118.79
18,Z018E0021,135.05
18,Z018E0023,133.34
18,Z018E0024,136.51
18,Z018E0025,126.89
18,Z018E0026,107.4
18,Z018E0028,142.49
18,Z018E0029,130.28
18,Z018E0030,135.19
18,Z018E0031,138.08
18,Z018E0032,118.65
18,Z018E0033,126.46
18,Z018E0034,136.2
18,Z018E0036,140.63
18,Z018E0038,123.76
18,Z018E0039,124.78
18,Z018E0040,128.31
18,Z018E0041,118.98
18,Z018E0042,137.53
18,Z018E0043,126.28
18,Z018E0044,116.08
18,Z018E0045,124.34
18,Z018E0047,124.22
18,Z018E0048,128.09
18,Z018E0049,142.15
18,Z018E0050,151.42
18,Z018E0051,108.1
18,Z018E0052,117.99
18,Z018E0053,143.48
18,Z018E0054,125.65
18,Z018E0055,118.51
18,Z018E0057,143.02
18,Z018E0059,129.06
18,Z018E0060,125.84
18,Z018E0061,124.1
18,Z018E0063,136.31
18,Z018E0064,133.68
18,Z018E0065,148.07
18,Z018E0066,130.87
18,Z018E0067,124.86
18,Z018E0068,149.91
18,Z018E0069,107.82
18,Z018E0070,144.72
18,Z018E0071,142.41
18,Z018E0073,123.52
18,Z018E0074,130.59
18,Z018E0075,143.79
18,Z018E0077,139.39
18,Z018E0078,138.9
18,Z018E0079,125.63
18,Z018E0080,128.39
18,Z018E0081,143.88
18,Z018E0082,125.87
18,Z018E0083,133.8
18,Z018E0084,119.35
18,Z018E0085,147.35
18,Z018E0086,136.85
18,Z018E0087,132.54
18,Z018E0088,124.23
18,Z018E0089,136.2
18,Z018E0091,131.05
18,Z018E0092,129.73
18,Z018E0093,127.67
18,Z018E0094,124.99
18,Z018E0095,123
18,Z018E0096,131.85
18,Z018E0097,107.79
18,Z018E0098,133.27
18,Z018E0099,134.37
18,Z018E0101,125.57
18,Z018E0102,131.46
18,Z018E0104,132.7
18,Z018E0105,132.43
18,Z018E0106,119.67
18,Z018E0107,125.24
18,Z018E0108,131.11
18,Z018E0109,131.47
18,Z018E0110,125.61
18,Z018E0111,107.29
18,Z018E0112,125.42
18,Z018E0113,155.37
18,Z018E0114,108.85
18,Z018E0115,108.11
18,Z018E0117,99.09
18,Z018E0118,132.14
18,Z018E0119,149.38
18,Z018E0120,138.8
18,Z018E0121,141.01
18,Z018E0122,136.35
18,Z018E0123,122.45
18,Z018E0126,120.41
18,Z018E0127,112.73
18,Z018E0128,132.27
18,Z018E0129,129.05
18,Z018E0130,122.55
18,Z018E0131,129.24
18,Z018E0132,126.31
18,Z018E0133,133.64
18,Z018E0134,123.85
18,Z018E0135,124.27
18,Z018E0136,120.12
18,Z018E0137,137.93
18,Z018E0138,123.32
18,Z018E0139,119.05
18,Z018E0140,125.02
18,Z018E0142,109.92
18,Z018E0143,131.76
18,Z018E0144,144.05
18,Z018E0145,125.35
18,Z018E0146,134.05
18,Z018E0147,118.66
18,Z018E0148,144.29
18,Z018E0149,125.59
18,Z018E0150,108.55
18,Z018E0151,114.14
18,Z018E0152,122
18,Z018E0153,118.35
18,Z018E0154,122.01
18,Z018E0155,130.66
18,Z018E0158,121.42
18,Z018E0160,125.42
18,Z018E0161,132.8
18,Z018E0162,102.85
18,Z018E0163,118.69
18,Z018E0164,124.24
18,Z018E0165,108.04
18,Z018E0166,125.22
18,Z018E0167,126.54
18,Z018E0168,122.4
18,Z018E0169,129.14
18,Z018E0170,107.51
18,Z018E0171,126.59
18,Z018E0172,139.14
18,Z018E0173,113.31
18,Z018E0174,129.13
18,Z018E0175,125.7
18,Z018E0176,114.88
18,Z018E0177,119.75
18,Z018E0178,121.58
18,Z018E0179,119.13
18,Z018E0180,110.67
18,Z018E0181,120.19
18,Z018E0182,129.37
18,Z018E0183,100.7
18,Z018E0184,136.12
18,Z018E0185,131.28
18,Z018E0186,125.58
18,Z018E0187,123.98
18,Z018E0188,127.74
18,Z018E0189,129.25
18,Z018E0190,151.68
18,Z018E0191,129.25
18,Z018E0192,110.36
18,Z018E0193,132.25
18,Z018E0194,141.12
18,Z018E0195,117.73
18,Z018E0196,129.36
18,Z018E0197,136.16
18,Z018E0198,123.81
18,Z018E0199,120.46
18,Z018E0200,117.12
19,Z019E0002,148.55
19,Z019E0003,127.82
19,Z019E0004,120.74
19,Z019E0005,121.67
19,Z019E0006,138.53
19,Z019E0007,123.98
19,Z019E0008,142.12
19,Z019E0009,152.17
19,Z019E0010,133.31
19,Z019E0011,149.18
19,Z019E0012,128.51
19,Z019E0013,126.5
19,Z019E0014,126.48
19,Z019E0015,134.16
19,Z019E0016,129.29
19,Z019E0017,125.06
19,Z019E0018,122.32
19,Z019E0019,147.28
19,Z019E0020,123.12
19,Z019E0021,127.89
19,Z019E0022,130.77
19,Z019E0023,156.3
19,Z019E0024,132.91
19,Z019E0025,128.79
19,Z019E0027,127.73
19,Z019E0028,122.64
19,Z019E0029,145.38
19,Z019E0030,128.73
19,Z019E0031,141.36
19,Z019E0032,138.15
19,Z019E0033,146.82
19,Z019E0034,138.65
19,Z019E0035,140
19,Z019E0036,143.91
19,Z019E0037,129.79
19,Z019E0039,135.4
19,Z019E0040,127.77
19,Z019E0041,147.75
19,Z019E0042,129.18
19,Z019E0043,111.57
19,Z019E0045,153.97
19,Z019E0046,122.83
19,Z019E0047,133.32
19,Z019E0048,141.57
19,Z019E0049,126.77
19,Z019E0050,138.96
19,Z019E0051,124.16
19,Z019E0052,135.77
19,Z019E0053,125.54
19,Z019E0055,134.26
19,Z019E0056,129.28
19,Z019E0057,136.54
19,Z019E0058,134.14
19,Z019E0059,128.86
19,Z019E0060,141.37
19,Z019E0061,127.51
19,Z019E0063,121.63
19,Z019E0064,136.59
19,Z019E0065,131.9
19,Z019E0066,127.74
19,Z019E0067,141.38
19,Z019E0068,132.96
19,Z019E0069,130.63
19,Z019E0070,137.94
19,Z019E0071,128.54
19,Z019E0072,134.57
19,Z019E0073,126.06
19,Z019E0074,108.19
19,Z019E0075,119.75
19,Z019E0076,123.61
19,Z019E0077,128.14
19,Z019E0078,118.54
19,Z019E0079,129.18
19,Z019E0080,137.53
19,Z019E0081,126.16
19,Z019E0082,106.53
19,Z019E0084,146.32
19,Z019E0086,126.63
19,Z019E0087,142.24
19,Z019E0089,138.83
19,Z019E0090,127.15
19,Z019E0091,115.06
19,Z019E0092,118.91
19,Z019E0093,120.44
19,Z019E0095,118.74
19,Z019E0096,124.83
19,Z019E0097,123.36
19,Z019E0098,114.97
19,Z019E0099,106.2
19,Z019E0101,113.63
19,Z019E0102,122.67
19,Z019E0103,142.1
19,Z019E0104,125.58
19,Z019E0105,142.18
19,Z019E0106,127.01
19,Z019E0107,124.89
19,Z019E0108,127.93
19,Z019E0109,122.44
19,Z019E0110,127.59
19,Z019E0111,123.24
19,Z019E0112,114.76
19,Z019E0113,146.65
19,Z019E0114,143.8
19,Z019E0115,128.98
19,Z019E0116,128.68
19,Z019E0117,120.15
19,Z019E0118,121.46
19,Z019E0119,137.16
19,Z019E0120,125.39
19,Z019E0121,125.62
19,Z019E0122,118.4
19,Z019E0123,126.93
19,Z019E0124,144.05
19,Z019E0125,133.23
19,Z019E0126,137.38
19,Z019E0128,129.89
19,Z019E0129,143.58
19,Z019E0130,130.25
19,Z019E0131,130.88
19,Z019E0132,125.94
19,Z019E0133,124.34
19,Z019E0134,131.12
19,Z019E0135,124.86
19,Z019E0136,140.45
19,Z019E0137,117.46
19,Z019E0138,128.89
19,Z019E0139,124.82
19,Z019E0140,153.57
19,Z019E0141,121.39
19,Z019E0142,121.62
19,Z019E0143,128.79
19,Z019E0144,101.96
19,Z019E0145,125.91
19,Z019E0146,127.47
19,Z019E0148,131.59
19,Z019E0149,144.69
19,Z019E0150,123.18
19,Z019E0151,124.23
19,Z019E0152,129.53
19,Z019E0153,133.9
19,Z019E0154,130.63
19,Z019E0155,153.96
19,Z019E0158,136.09
19,Z019E0159,128.79
19,Z019E0160,137.99
19,Z019E0161,117.01
19,Z019E0162,136.47
19,Z019E0163,137.31
19,Z019E0164,133.43
19,Z019E0166,140.14
19,Z019E0167,138.4
19,Z019E0168,130.98
19,Z019E0169,114.65
19,Z019E0170,110.22
19,Z019E0172,131.31
19,Z019E0173,135.7
19,Z019E0174,132.78
19,Z019E0175,135.82
19,Z019E0176,136.26
19,Z019E0177,122.7
19,Z019E0178,148.76
19,Z019E0179,137.3
19,Z019E0181,124.96
19,Z019E0182,139.88
19,Z019E0183,139.78
19,Z019E0184,158.73
19,Z019E0185,136.77
19,Z019E0186,138.64
19,Z019E0187,123.76
19,Z019E0188,145.42
19,Z019E0189,142.52
19,Z019E0190,118.54
19,Z019E0191,143.97
19,Z019E0192,138.06
19,Z019E0193,120.21
19,Z019E0194,137.94
19,Z019E0196,140.13
19,Z019E0197,115.23
19,Z019E0198,146.78
19,Z019E0199,133.48
19,Z019E0200,121.35
20,Z020E0001,118.66
20,Z020E0002,101.73
20,Z020E0004,129.28
20,Z020E0005,109.13
20,Z020E0006,148.54
20,Z020E0007,117.96
20,Z020E0009,119.46
20,Z020E0010,124.43
20,Z020E0011,121.41
20,Z020E0012,115.22
20,Z020E0013,146.7
20,Z020E0014,117.18
20,Z020E0015,119.75
20,Z020E0016,123.76
20,Z020E0017,129.46
20,Z020E0018,110.98
20,Z020E0020,116.15
20,Z020E0021,118.15
20,Z020E0022,144.74
20,Z020E0023,114.64
20,Z020E0024,95.47
20,Z020E0025,128.87
20,Z020E0026,131
20,Z020E0027,128.44
20,Z020E0028,114.59
20,Z020E0029,125.76
20,Z020E0030,114.62
20,Z020E0031,143.87
20,Z020E0032,111.59
20,Z020E0033,117.59
20,Z020E0034,126.78
20,Z020E0036,106.13
20,Z020E0037,111.76
20,Z020E0038,127.55
20,Z020E0039,113.15
20,Z020E0040,97.27
20,Z020E0041,135.28
20,Z020E0042,118.41
20,Z020E0043,118.44
20,Z020E0044,139.49
20,Z020E0045,127.23
20,Z020E0046,129.78
20,Z020E0047,108.48
20,Z020E0048,109.24
20,Z020E0050,144.12
20,Z020E0052,113.49
20,Z020E0053,103.82
20,Z020E0054,127.66
20,Z020E0055,131.27
20,Z020E0058,139.04
20,Z020E0060,112.87
20,Z020E0061,131.66
20,Z020E0062,130.92
20,Z020E0063,121.56
20,Z020E0064,132.05
20,Z020E0065,108.41
20,Z020E0066,113.9
20,Z020E0067,124.78
20,Z020E0068,104.58
20,Z020E0069,139.65
20,Z020E0070,102.26
20,Z020E0071,117.18
20,Z020E0073,127.45
20,Z020E0074,105.05
20,Z020E0075,146.75
20,Z020E0076,140.82
20,Z020E0077,130.7
20,Z020E0078,124.43
20,Z020E0079,115.11
20,Z020E0080,104.46
20,Z020E0081,124.75
20,Z020E0083,122.52
20,Z020E0084,112.04
20,Z020E0085,108.89
20,Z020E0086,127.84
20,Z020E0087,116.32
20,Z020E0088,142.11
20,Z020E0089,117.55
20,Z020E0090,131.22
20,Z020E0091,136.17
20,Z020E0092,128.72
20,Z020E0093,114.73
20,Z020E0094,126.4
20,Z020E0095,122.33
20,Z020E0097,91.75
20,Z020E0098,114.66
20,Z020E0100,116.22
20,Z020E0101,123.29
20,Z020E0102,126.56
20,Z020E0103,129.21
20,Z020E0104,117.63
20,Z020E0105,126.79
20,Z020E0106,135.84
20,Z020E0107,120.84
20,Z020E0108,109.61
20,Z020E0109,116.8
20,Z020E0110,116.94
20,Z020E0111,121.69
20,Z020E0112,113.68
20,Z020E0113,104.81
20,Z020E0114,113.47
20,Z020E0115,121.27
20,Z020E0116,103.86
20,Z020E0117,114.01
20,Z020E0118,118.28
20,Z020E0121,117.59
20,Z020E0122,119.94
20,Z020E0123,121.36
20,Z020E0125,110.3
20,Z020E0126,127.54
20,Z020E0127,113.66
20,Z020E0128,107.88
20,Z020E0129,137.69
20,Z020E0130,109.91
20,Z020E0131,107.52
20,Z020E0132,116.61
20,Z020E0133,94.67
20,Z020E0134,116.48
20,Z020E0135,111.36
20,Z020E0136,112.18
20,Z020E0137,145.78
20,Z020E0138,122.48
20,Z020E0139,133.98
20,Z020E0140,120.39
20,Z020E0141,104.86
20,Z020E0142,114.6
20,Z020E0143,134.94
20,Z020E0144,117.59
20,Z020E0145,124.42
20,Z020E0146,139.22
20,Z020E0147,118.85
20,Z020E0148,102.75
20,Z020E0149,125.28
20,Z020E0150,135.59
20,Z020E0151,141.08
20,Z020E0152,127.39
20,Z020E0153,136.94
20,Z020E0155,116.24
20,Z020E0156,143.84
20,Z020E0157,100.65
20,Z020E0158,139.12
20,Z020E0159,103.72
20,Z020E0160,92.8
20,Z020E0161,115.26
20,Z020E0162,119.66
20,Z020E0163,107.33
20,Z020E0164,109.53
20,Z020E0165,138.34
20,Z020E0166,121.35
20,Z020E0167,114.89
20,Z020E0168,129.71
20,Z020E0169,129.36
20,Z020E0170,134.93
20,Z020E0171,135.74
20,Z020E0172,119.14
20,Z020E0173,107.45
20,Z020E0175,110.81
20,Z020E0179,132.71
20,Z020E0180,140.15
20,Z020E0181,131.29
20,Z020E0182,107.69
20,Z020E0183,124.28
20,Z020E0185,123.39
20,Z020E0186,98.33
20,Z020E0187,117.19
20,Z020E0188,114.26
20,Z020E0189,120.46
20,Z020E0191,121.75
20,Z020E0192,119.47
20,Z020E0194,113.47
20,Z020E0195,124.86
20,Z020E0196,113.46
20,Z020E0197,136.62
20,Z020E0198,100.64
20,Z020E0199,116.62
20,Z020E0200,122.5
21,Z021E0001,126.45
21,Z021E0002,134.64
21,Z021E0003,147.26
21,Z021E0004,150.18
21,Z021E0005,144.3
21,Z021E0006,157.82
21,Z021E0008,133.72
21,Z021E0009,123.22
21,Z021E0010,144.36
21,Z021E0011,134.89
21,Z021E0012,143.93
21,Z021E0013,129.05
21,Z021E0014,132.3
21,Z021E0015,134.06
21,Z021E0016,141.32
21,Z021E0017,117.58
21,Z021E0019,130.61
21,Z021E0023,123.6
21,Z021E0025,141.44
21,Z021E0026,131.94
21,Z021E0027,130.2
21,Z021E0029,110.93
21,Z021E0030,136.53
21,Z021E0032,126.93
21,Z021E0033,130.81
21,Z021E0034,121.24
21,Z021E0035,137.37
21,Z021E0036,143.51
21,Z021E0037,122.47
21,Z021E0038,135.63
21,Z021E0039,125.41
21,Z021E0040,137.27
21,Z021E0041,133.6
21,Z021E0042,130.05
21,Z021E0043,119.79
21,Z021E0044,132.4
21,Z021E0045,142.52
21,Z021E0046,116.43
21,Z021E0047,119.53
21,Z021E0048,137
21,Z021E0049,142.52
21,Z021E0051,139.93
21,Z021E0053,134.52
21,Z021E0054,114.89
21,Z021E0057,125.36
21,Z021E0058,137.8
21,Z021E0060,154.64
21,Z021E0062,139.49
21,Z021E0063,125.54
21,Z021E0064,141.96
21,Z021E0065,158.29
21,Z021E0069,145.57
21,Z021E0070,115.06
21,Z021E0071,171.26
21,Z021E0072,143.4
21,Z021E0074,147.05
21,Z021E0075,127.77
21,Z021E0076,117.99
21,Z021E0077,112.6
21,Z021E0078,119.23
21,Z021E0079,138.43
21,Z021E0080,126.85
21,Z021E0081,153.94
21,Z021E0082,142.64
21,Z021E0083,130.72
21,Z021E0084,164.98
21,Z021E0085,146.48
21,Z021E0086,136.47
21,Z021E0087,140.97
21,Z021E0088,135.18
21,Z021E0089,130.37
21,Z021E0090,138.01
21,Z021E0091,126
21,Z021E0092,143.7
21,Z021E0093,134.82
21,Z021E0094,123.82
21,Z021E0096,101.4
21,Z021E0097,132.38
21,Z021E0099,141.64
21,Z021E0100,115.62
21,Z021E0101,121.55
21,Z021E0102,124.83
21,Z021E0103,152.27
21,Z021E0104,129.31
21,Z021E0105,132.93
21,Z021E0106,124.13
21,Z021E0108,131.8
21,Z021E0109,144.07
21,Z021E0110,130.1
21,Z021E0111,138.9
21,Z021E0112,111.37
21,Z021E0113,135.64
21,Z021E0114,107.64
21,Z021E0115,140.53
21,Z021E0116,142.24
21,Z021E0117,129.65
21,Z021E0118,132.2
21,Z021E0119,121.99
21,Z021E0120,143.18
21,Z021E0121,123.88
21,Z021E0122,135.57
21,Z021E0123,129.8
21,Z021E0124,118.86
21,Z021E0125,138.53
21,Z021E0126,119.03
21,Z021E0127,125.27
21,Z021E0128,138.76
21,Z021E0129,112.69
21,Z021E0130,129.67
21,Z021E0131,153.99
21,Z021E0133,114.1
21,Z021E0134,138.27
21,Z021E0135,136.27
21,Z021E0136,138.14
21,Z021E0137,143.03
21,Z021E0138,120.58
21,Z021E0139,135.32
21,Z021E0140,108.47
21,Z021E0141,137.12
21,Z021E0144,126.52
21,Z021E0145,142.78
21,Z021E0146,121.09
21,Z021E0147,125.57
21,Z021E0148,114.61
21,Z021E0149,133.3
21,Z021E0150,112.23
21,Z021E0151,149.35
21,Z021E0152,140.68
21,Z021E0153,157.53
21,Z021E0155,139.22
21,Z021E0156,120.47
21,Z021E0157,152.29
21,Z021E0158,140.64
21,Z021E0159,137.07
21,Z021E0160,103.49
21,Z021E0161,132.94
21,Z021E0162,157.86
21,Z021E0163,117.88
21,Z021E0164,137.89
21,Z021E0166,153.9
21,Z021E0167,144.34
21,Z021E0169,113.79
21,Z021E0170,143.03
21,Z021E0172,129
21,Z021E0173,141.27
21,Z021E0174,133.03
21,Z021E0176,137.07
21,Z021E0177,152.58
21,Z021E0178,145.6
21,Z021E0179,138.81
21,Z021E0180,122.85
21,Z021E0181,157.82
21,Z021E0183,142.1
21,Z021E0184,142.37
21,Z021E0185,121.68
21,Z021E0186,141.88
21,Z021E0187,153.44
21,Z021E0188,146.97
21,Z021E0189,133.73
21,Z021E0190,157.66
21,Z021E0191,131.22
21,Z021E0192,111.74
21,Z021E0193,151.4
21,Z021E0194,154.47
21,Z021E0195,139.04
21,Z021E0196,111.46
21,Z021E0197,136.92
21,Z021E0198,110.62
21,Z021E0199,141
22,Z022E0001,133.54
22,Z022E0002,131.16
22,Z022E0003,125.84
22,Z022E0004,131.57
22,Z022E0005,137.55
22,Z022E0006,139.45
22,Z022E0007,127.32
22,Z022E0008,146.48
22,Z022E0010,132.73
22,Z022E0011,142.77
22,Z022E0012,155.17
22,Z022E0013,135.78
22,Z022E0015,137.92
22,Z022E0016,113.79
22,Z022E0017,116.75
22,Z022E0018,137.36
22,Z022E0019,147.25
22,Z022E0020,132.18
22,Z022E0021,147.33
22,Z022E0023,135.26
22,Z022E0024,158.17
22,Z022E0025,134.22
22,Z022E0027,123.45
22,Z022E0028,115.6
22,Z022E0029,134.31
22,Z022E0030,105.54
22,Z022E0031,151.62
22,Z022E0032,132.75
22,Z022E0033,124.59
22,Z022E0034,139.95
22,Z022E0035,132.32
22,Z022E0036,138.62
22,Z022E0037,126.79
22,Z022E0038,166.25
22,Z022E0039,141.31
22,Z022E0040,158.53
22,Z022E0041,148.31
22,Z022E0042,142.83
22,Z022E0043,126.4
22,Z022E0044,128.47
22,Z022E0046,114.25
22,Z022E0050,153.57
22,Z022E0051,131.1
22,Z022E0052,154.39
22,Z022E0053,152.64
22,Z022E0056,122.56
22,Z022E0057,166.7
22,Z022E0058,129.37
22,Z022E0059,150.31
22,Z022E0060,138.8
22,Z022E0061,157.68
22,Z022E0062,152.89
22,Z022E0063,146.04
22,Z022E0064,113.51
22,Z022E0065,141.93
22,Z022E0066,128.24
22,Z022E0067,134.29
22,Z022E0068,126.93
22,Z022E0069,143.1
22,Z022E0070,141.29
22,Z022E0072,144.56
22,Z022E0073,141.98
22,Z022E0074,132.43
22,Z022E0075,139.09
22,Z022E0076,147.52
22,Z022E0077,139.69
22,Z022E0078,152.07
22,Z022E0079,148.84
22,Z022E0080,162.78
22,Z022E0081,162
22,Z022E0082,134.47
22,Z022E0083,144.57
22,Z022E0084,118.37
22,Z022E0086,134.67
22,Z022E0087,119.2
22,Z022E0088,142.83
22,Z022E0089,137.67
22,Z022E0090,122.06
22,Z022E0091,160.12
22,Z022E0092,153.07
22,Z022E0093,129.47
22,Z022E0094,145.22
22,Z022E0095,127.49
22,Z022E0096,149.2
22,Z022E0097,136.51
22,Z022E0098,147.44
22,Z022E0099,134.89
22,Z022E0100,135.16
22,Z022E0101,137.89
22,Z022E0102,143.49
22,Z022E0103,144.86
22,Z022E0104,135.93
22,Z022E0105,134.51
22,Z022E0106,127.62
22,Z022E0107,149.38
22,Z022E0108,127.08
22,Z022E0110,160.47
22,Z022E0111,140.62
22,Z022E0112,147.3
22,Z022E0113,157.45
22,Z022E0114,142.14
22,Z022E0115,128.44
22,Z022E0116,140.38
22,Z022E0117,132.28
22,Z022E0118,150.96
22,Z022E0119,115.78
22,Z022E0120,133.36
22,Z022E0121,137.45
22,Z022E0123,137.63
22,Z022E0124,137.53
22,Z022E0125,126.21
22,Z022E0126,141.86
22,Z022E0127,149.47
22,Z022E0128,136.13
22,Z022E0129,158.62
22,Z022E0130,142.33
22,Z022E0132,136.56
22,Z022E0133,145.45
22,Z022E0134,145.04
22,Z022E0135,126.26
22,Z022E0136,122.43
22,Z022E0137,141.4
22,Z022E0138,137.07
22,Z022E0139,134.87
22,Z022E0140,132.51
22,Z022E0141,150.75
22,Z022E0142,150.05
22,Z022E0145,133.13
22,Z022E0146,157.86
22,Z022E0147,129.59
22,Z022E0148,137.04
22,Z022E0149,155.7
22,Z022E0150,131.61
22,Z022E0151,136.02
22,Z022E0152,127.44
22,Z022E0153,146.94
22,Z022E0154,138.3
22,Z022E0155,156.02
22,Z022E0156,153.1
22,Z022E0157,147.56
22,Z022E0158,127.84
22,Z022E0159,138.7
22,Z022E0160,141.43
22,Z022E0161,127.89
22,Z022E0162,147.63
22,Z022E0163,141.38
22,Z022E0164,139.86
22,Z022E0165,139.93
22,Z022E0166,138.95
22,Z022E0167,127.03
22,Z022E0168,158.42
22,Z022E0169,148.09
22,Z022E0170,129.97
22,Z022E0172,131.29
22,Z022E0173,121.84
22,Z022E0174,140.37
22,Z022E0175,161.35
22,Z022E0176,141.36
22,Z022E0177,125.71
22,Z022E0178,135.85
22,Z022E0179,138.41
22,Z022E0180,134.77
22,Z022E0181,132.39
22,Z022E0182,124.39
22,Z022E0184,139.31
22,Z022E0185,133.35
22,Z022E0186,164.94
22,Z022E0187,136.2
22,Z022E0188,138.24
22,Z022E0189,139.75
22,Z022E0190,149.68
22,Z022E0191,136.15
22,Z022E0192,138.09
22,Z022E0193,154.39
22,Z022E0194,141.72
22,Z022E0195,143.23
22,Z022E0196,138.85
22,Z022E0197,126.61
22,Z022E0198,135.86
22,Z022E0199,124.09
22,Z022E0200,118.44
23,Z023E0001,143.04
23,Z023E0003,123.44
23,Z023E0004,133.03
23,Z023E0006,144.03
23,Z023E0007,148.48
23,Z023E0008,126.74
23,Z023E0009,133.73
23,Z023E0010,129.5
23,Z023E0011,115.47
23,Z023E0012,135.44
23,Z023E0013,144.47
23,Z023E0014,133.67
23,Z023E0015,122.73
23,Z023E0017,124.34
23,Z023E0018,145.5
23,Z023E0019,147.03
23,Z023E0020,137.36
23,Z023E0021,132.88
23,Z023E0022,136.27
23,Z023E0023,129.12
23,Z023E0025,134.67
23,Z023E0026,144.72
23,Z023E0027,136.24
23,Z023E0028,147.29
23,Z023E0029,152.62
23,Z023E0030,145.33
23,Z023E0031,135.6
23,Z023E0032,124.48
23,Z023E0033,139.01
23,Z023E0034,127.91
23,Z023E0035,150.38
23,Z023E0036,138.49
23,Z023E0037,132.71
23,Z023E0038,138.53
23,Z023E0039,131.41
23,Z023E0040,126.09
23,Z023E0041,126.39
23,Z023E0042,134.84
23,Z023E0043,143.91
23,Z023E0044,137.4
23,Z023E0045,137.29
23,Z023E0046,133.64
23,Z023E0047,155.93
23,Z023E0048,120.03
23,Z023E0049,129.76
23,Z023E0050,124.39
23,Z023E0051,145.35
23,Z023E0052,133.76
23,Z023E0053,139.89
23,Z023E0054,139.1
23,Z023E0055,145.07
23,Z023E0056,170.37
23,Z023E0057,122.1
23,Z023E0059,134.49
23,Z023E0061,141.41
23,Z023E0062,125.45
23,Z023E0063,117.02
23,Z023E0064,144.65
23,Z023E0065,151.92
23,Z023E0066,116.37
23,Z023E0067,143.68
23,Z023E0068,151.52
23,Z023E0069,137
23,Z023E0070,142.81
23,Z023E0071,139.24
23,Z023E0072,156.26
23,Z023E0074,110.1
23,Z023E0076,146.03
23,Z023E0077,142.29
23,Z023E0078,119.23
23,Z023E0080,127.41
23,Z023E0081,136.35
23,Z023E0082,141.17
23,Z023E0083,115.41
23,Z023E0084,148.52
23,Z023E0085,144.76
23,Z023E0086,103.9
23,Z023E0087,139.28
23,Z023E0088,139.7
23,Z023E0089,140.82
23,Z023E0092,151.32
23,Z023E0093,128.4
23,Z023E0094,141.48
23,Z023E0095,154.93
23,Z023E0096,133.8
23,Z023E0097,118.13
23,Z023E0098,161.36
23,Z023E0099,137.8
23,Z023E0107,121.87
23,Z023E0108,138.61
23,Z023E0109,142.27
23,Z023E0110,125.46
23,Z023E0111,122.26
23,Z023E0112,142.18
23,Z023E0113,123.03
23,Z023E0114,149.34
23,Z023E0115,132.9
23,Z023E0116,141.35
23,Z023E0117,122.42
23,Z023E0118,138.06
23,Z023E0119,113.83
23,Z023E0120,122.46
23,Z023E0121,121.21
23,Z023E0122,118.73
23,Z023E0123,135.05
23,Z023E0124,168.27
23,Z023E0125,114.75
23,Z023E0126,117.81
23,Z023E0127,130.35
23,Z023E0128,130.89
23,Z023E0129,141.52
23,Z023E0131,148.25
23,Z023E0132,149.81
23,Z023E0133,146.63
23,Z023E0134,122.71
23,Z023E0136,149.59
23,Z023E0137,118.7
23,Z023E0138,121.17
23,Z023E0140,167.15
23,Z023E0141,137.37
23,Z023E0142,139.91
23,Z023E0143,125.19
23,Z023E0144,144.34
23,Z023E0145,130.79
23,Z023E0146,141.65
23,Z023E0147,136.96
23,Z023E0150,159.44
23,Z023E0153,138.84
23,Z023E0154,131.09
23,Z023E0155,131.66
23,Z023E0156,156.4
23,Z023E0157,151.23
23,Z023E0158,142.68
23,Z023E0160,158.92
23,Z023E0162,122.79
23,Z023E0163,135.71
23,Z023E0164,153.7
23,Z023E0165,117.55
23,Z023E0169,138.41
23,Z023E0170,141.32
23,Z023E0171,130.6
23,Z023E0172,141.96
23,Z023E0173,153.6
23,Z023E0174,120.32
23,Z023E0175,137.21
23,Z023E0178,133.48
23,Z023E0179,130.28
23,Z023E0180,117.13
23,Z023E0181,127.52
23,Z023E0182,120.74
23,Z023E0183,121.22
23,Z023E0184,126.9
23,Z023E0185,162.12
23,Z023E0187,137.92
23,Z023E0188,125.16
23,Z023E0189,139.48
23,Z023E0191,123.49
23,Z023E0192,130.51
23,Z023E0195,139.96
23,Z023E0196,146.84
23,Z023E0197,131.96
23,Z023E0198,138.25
23,Z023E0199,156.05
23,Z023E0200,125.8
24,Z024E0001,140.45
24,Z024E0002,139.92
24,Z024E0004,116.67
24,Z024E0005,121.34
24,Z024E0006,93.51
24,Z024E0008,128.04
24,Z024E0010,128.66
24,Z024E0011,137.49
24,Z024E0012,137.59
24,Z024E0013,110.1
24,Z024E0014,130.25
24,Z024E0015,100.65
24,Z024E0017,96
24,Z024E0019,116.14
24,Z024E0020,128.87
24,Z024E0021,111.33
24,Z024E0023,100.13
24,Z024E0024,143.32
24,Z024E0025,106.5
24,Z024E0026,103.7
24,Z024E0027,127.06
24,Z024E0028,101.75
24,Z024E0029,123.86
24,Z024E0030,115.94
24,Z024E0032,117.42
24,Z024E0033,106.48
24,Z024E0034,117.7
24,Z024E0035,110.38
24,Z024E0036,130.92
24,Z024E0037,111.76
24,Z024E0038,130
24,Z024E0040,131.45
24,Z024E0041,98.68
24,Z024E0042,125.02
24,Z024E0043,107.52
24,Z024E0044,129.56
24,Z024E0045,119.26
24,Z024E0046,115.21
24,Z024E0047,126.84
24,Z024E0048,135.98
24,Z024E0049,115.18
24,Z024E0050,108.54
24,Z024E0051,118.58
24,Z024E0052,119.81
24,Z024E0053,109.58
24,Z024E0054,121.67
24,Z024E0055,116.77
24,Z024E0056,144.26
24,Z024E0057,119.5
24,Z024E0058,104.81
24,Z024E0059,113.62
24,Z024E0060,117.46
24,Z024E0061,130.95
24,Z024E0062,106.69
24,Z024E0063,114.24
24,Z024E0068,97.54
24,Z024E0069,122.76
24,Z024E0070,104.2
24,Z024E0071,121.37
24,Z024E0072,134.49
24,Z024E0073,113.94
24,Z024E0074,114.92
24,Z024E0075,119.82
24,Z024E0076,133.86
24,Z024E0077,113.13
24,Z024E0078,106.52
24,Z024E0079,133.31
24,Z024E0080,135.65
24,Z024E0081,126.01
24,Z024E0082,116.98
24,Z024E0083,122.9
24,Z024E0084,106.39
24,Z024E0085,131.33
24,Z024E0086,134
24,Z024E0087,114.96
24,Z024E0088,118.7
24,Z024E0089,126.61
24,Z024E0090,106.64
24,Z024E0091,117.74
24,Z024E0092,124.41
24,Z024E0093,112.7
24,Z024E0094,123.46
24,Z024E0095,113.63
24,Z024E0096,129.38
24,Z024E0097,123.41
24,Z024E0098,141.81
24,Z024E0099,136.02
24,Z024E0101,127.47
24,Z024E0102,118.07
24,Z024E0103,128.27
24,Z024E0104,106.52
24,Z024E0105,103.19
24,Z024E0106,118.89
24,Z024E0107,130.15
24,Z024E0108,118.7
24,Z024E0109,104.6
24,Z024E0110,116.52
24,Z024E0111,110.66
24,Z024E0112,116.15
24,Z024E0113,121.65
24,Z024E0114,113.61
24,Z024E0115,115.26
24,Z024E0116,96.19
24,Z024E0118,117.52
24,Z024E0119,148.21
24,Z024E0121,111.35
24,Z024E0122,125.27
24,Z024E0123,109.72
24,Z024E0124,128.52
24,Z024E0125,123.07
24,Z024E0126,112.22
24,Z024E0127,119.35
24,Z024E0129,108.48
24,Z024E0130,118.16
24,Z024E0131,108.53
24,Z024E0132,117.06
24,Z024E0133,122.48
24,Z024E0134,135.49
24,Z024E0135,120.42
24,Z024E0136,122.77
24,Z024E0137,125.48
24,Z024E0138,117.88
24,Z024E0139,132.2
24,Z024E0140,114.41
24,Z024E0141,114.91
24,Z024E0142,107.12
24,Z024E0144,111.32
24,Z024E0145,116.79
24,Z024E0146,130.67
24,Z024E0147,119.11
24,Z024E0148,120.99
24,Z024E0149,113.45
24,Z024E0150,116.32
24,Z024E0151,123.31
24,Z024E0152,112.86
24,Z024E0153,108.3
24,Z024E0155,105.33
24,Z024E0157,105.39
24,Z024E0158,127.52
24,Z024E0159,128.74
24,Z024E0161,110.29
24,Z024E0162,108.26
24,Z024E0163,105.72
24,Z024E0164,117.92
24,Z024E0165,127.79
24,Z024E0166,102.18
24,Z024E0167,104.58
24,Z024E0168,116.63
24,Z024E0170,117.17
24,Z024E0171,118.16
24,Z024E0172,135.02
24,Z024E0173,122.01
24,Z024E0174,99.39
24,Z024E0177,118.25
24,Z024E0178,113.25
24,Z024E0179,111.15
24,Z024E0180,138.77
24,Z024E0182,126.2
24,Z024E0183,126.95
24,Z024E0184,115.78
24,Z024E0186,112.42
24,Z024E0187,92.55
24,Z024E0188,125.84
24,Z024E0189,113.9
24,Z024E0191,118.33
24,Z024E0192,110.9
24,Z024E0193,114.14
24,Z024E0194,113.46
24,Z024E0195,136.14
24,Z024E0196,106.69
24,Z024E0198,116.57
24,Z024E0200,116.38
25,Z025E0001,149.43
25,Z025E0002,111.85
25,Z025E0003,126.85
25,Z025E0004,122.01
25,Z025E0005,121.07
25,Z025E0006,134.47
25,Z025E0007,119.56
25,Z025E0008,120.62
25,Z025E0009,138.44
25,Z025E0010,137.18
25,Z025E0011,149.62
25,Z025E0015,132.18
25,Z025E0016,130.32
25,Z025E0017,116.85
25,Z025E0018,134.36
25,Z025E0019,139.17
25,Z025E0020,120.73
25,Z025E0021,133.4
25,Z025E0022,121.86
25,Z025E0023,120.61
25,Z025E0024,144.7
25,Z025E0025,119.24
25,Z025E0026,111.01
25,Z025E0027,131.31
25,Z025E0028,115.75
25,Z025E0029,113.57
25,Z025E0030,139.54
25,Z025E0032,130.7
25,Z025E0034,118.81
25,Z025E0035,143.65
25,Z025E0036,109.78
25,Z025E0037,119.42
25,Z025E0038,143.09
25,Z025E0039,130.38
25,Z025E0041,127.42
25,Z025E0042,124.78
25,Z025E0043,110.78
25,Z025E0044,130.13
25,Z025E0045,116.35
25,Z025E0046,124.44
25,Z025E0047,146.7
25,Z025E0048,136.37
25,Z025E0049,122.95
25,Z025E0050,120.83
25,Z025E0052,107.86
25,Z025E0053,101.84
25,Z025E0054,130.21
25,Z025E0055,123.81
25,Z025E0056,112.62
25,Z025E0057,127.93
25,Z025E0058,119.8
25,Z025E0059,104.08
25,Z025E0060,165.86
25,Z025E0061,137.57
25,Z025E0063,110.82
25,Z025E0064,138.46
25,Z025E0065,153.68
25,Z025E0066,106.26
25,Z025E0067,115
25,Z025E0069,106.88
25,Z025E0070,91.75
25,Z025E0073,127.3
25,Z025E0074,106.73
25,Z025E0075,135.35
25,Z025E0076,125.42
25,Z025E0077,107.66
25,Z025E0078,127.91
25,Z025E0079,126.17
25,Z025E0080,125.51
25,Z025E0081,119.95
25,Z025E0082,87.05
25,Z025E0083,113.98
25,Z025E0084,107.9
25,Z025E0085,120.37
25,Z025E0086,111.56
25,Z025E0087,139.42
25,Z025E0088,103.72
25,Z025E0090,101.49
25,Z025E0091,127.35
25,Z025E0092,112.74
25,Z025E0093,109.57
25,Z025E0094,127.08
25,Z025E0095,134.73
25,Z025E0096,97.13
25,Z025E0099,105.95
25,Z025E0101,113.65
25,Z025E0102,116.44
25,Z025E0103,121.14
25,Z025E0104,126.1
25,Z025E0105,107.66
25,Z025E0106,103.77
25,Z025E0107,100.59
25,Z025E0108,119.96
25,Z025E0109,116.4
25,Z025E0110,124.21
25,Z025E0111,104.3
25,Z025E0112,107.73
25,Z025E0113,110.36
25,Z025E0114,118.9
25,Z025E0116,123.78
25,Z025E0117,119.7
25,Z025E0118,136.29
25,Z025E0119,121.59
25,Z025E0120,120.81
25,Z025E0121,123.84
25,Z025E0122,117.36
25,Z025E0123,107.61
25,Z025E0125,134.62
25,Z025E0126,146.18
25,Z025E0129,144.41
25,Z025E0130,111.78
25,Z025E0131,128.47
25,Z025E0132,120.02
25,Z025E0133,100.89
25,Z025E0135,139.39
25,Z025E0136,134.01
25,Z025E0137,138.38
25,Z025E0138,133.7
25,Z025E0139,150.42
25,Z025E0140,102.05
25,Z025E0141,142.61
25,Z025E0142,143.58
25,Z025E0143,107.18
25,Z025E0145,125.22
25,Z025E0147,140.28
25,Z025E0148,144.61
25,Z025E0150,132.01
25,Z025E0151,136.6
25,Z025E0152,138.14
25,Z025E0153,115.01
25,Z025E0154,98.5
25,Z025E0155,131.76
25,Z025E0156,124.42
25,Z025E0157,127.96
25,Z025E0158,126.47
25,Z025E0159,121.28
25,Z025E0160,124.4
25,Z025E0161,137.95
25,Z025E0163,140.98
25,Z025E0164,114.43
25,Z025E0165,136.42
25,Z025E0166,124.59
25,Z025E0168,132.02
25,Z025E0169,114.97
25,Z025E0170,135.69
25,Z025E0171,113.34
25,Z025E0172,131.22
25,Z025E0173,127.91
25,Z025E0174,135.59
25,Z025E0175,124.68
25,Z025E0176,137.5
25,Z025E0177,126.89
25,Z025E0178,127.54
25,Z025E0179,110.05
25,Z025E0180,141.15
25,Z025E0182,122.18
25,Z025E0183,128.27
25,Z025E0184,141.08
25,Z025E0185,139.22
25,Z025E0186,137.75
25,Z025E0187,138.64
25,Z025E0188,149.03
25,Z025E0189,153.14
25,Z025E0190,115.01
25,Z025E0192,132.06
25,Z025E0193,105.78
25,Z025E0194,147.23
25,Z025E0195,120.55
25,Z025E0197,110.3
25,Z025E0198,122.75
25,Z025E0199,140.67
25,Z025E0200,135.12
26,Z026E0001,128.97
26,Z026E0002,113.11
26,Z026E0003,122.2
26,Z026E0004,113.57
26,Z026E0005,111.66
26,Z026E0006,117.69
26,Z026E0007,110.41
26,Z026E0009,123.9
26,Z026E0010,104.75
26,Z026E0011,121.1
26,Z026E0012,124.05
26,Z026E0013,102.91
26,Z026E0014,118.54
26,Z026E0015,109.12
26,Z026E0016,94.55
26,Z026E0017,113.59
26,Z026E0018,107.58
26,Z026E0019,110.98
26,Z026E0020,112.78
26,Z026E0021,130.15
26,Z026E0022,111.86
26,Z026E0024,120.28
26,Z026E0025,122.21
26,Z026E0026,134.44
26,Z026E0027,138.28
26,Z026E0028,125.62
26,Z026E0029,124.29
26,Z026E0030,131.51
26,Z026E0031,109.02
26,Z026E0032,103.32
26,Z026E0033,110.56
26,Z026E0034,116.39
26,Z026E0038,106.5
26,Z026E0039,123.88
26,Z026E0040,129.29
26,Z026E0049,122.16
26,Z026E0050,127.24
26,Z026E0051,106.71
26,Z026E0052,102.83
26,Z026E0053,104.74
26,Z026E0055,116.8
26,Z026E0056,120.61
26,Z026E0057,103.46
26,Z026E0059,122.38
26,Z026E0060,108.73
26,Z026E0061,127.6
26,Z026E0062,132.59
26,Z026E0063,119.5
26,Z026E0066,129.3
26,Z026E0067,114.65
26,Z026E0068,144.04
26,Z026E0069,106.52
26,Z026E0070,102.31
26,Z026E0071,124
26,Z026E0072,106.92
26,Z026E0073,116.84
26,Z026E0074,110.28
26,Z026E0075,117.86
26,Z026E0077,112.22
26,Z026E0078,99.2
26,Z026E0079,111.32
26,Z026E0080,92.89
26,Z026E0081,103
26,Z026E0086,100.45
26,Z026E0087,100.65
26,Z026E0088,122.19
26,Z026E0090,115.82
26,Z026E0091,149.72
26,Z026E0092,136.2
26,Z026E0093,125.27
26,Z026E0094,130.29
26,Z026E0095,135.44
26,Z026E0096,113.22
26,Z026E0097,126.41
26,Z026E0099,129.22
26,Z026E0100,116.42
26,Z026E0101,143.33
26,Z026E0102,137.16
26,Z026E0103,119.93
26,Z026E0104,121.68
26,Z026E0105,114.5
26,Z026E0107,119.67
26,Z026E0109,120.95
26,Z026E0110,123.27
26,Z026E0111,135.47
26,Z026E0112,132.76
26,Z026E0113,117.62
26,Z026E0114,102.14
26,Z026E0115,115.8
26,Z026E0116,116.34
26,Z026E0117,121.32
26,Z026E0118,115.97
26,Z026E0119,132.38
26,Z026E0120,119.25
26,Z026E0121,106.87
26,Z026E0122,113
26,Z026E0123,104.98
26,Z026E0124,126.68
26,Z026E0125,137.7
26,Z026E0126,136.66
26,Z026E0127,111.8
26,Z026E0128,117.84
26,Z026E0129,121.07
26,Z026E0131,100.53
26,Z026E0132,117.9
26,Z026E0133,120.73
26,Z026E0134,95.37
26,Z026E0135,116.28
26,Z026E0136,109.99
26,Z026E0137,129.97
26,Z026E0139,131.61
26,Z026E0140,107.78
26,Z026E0141,132.12
26,Z026E0143,137.81
26,Z026E0144,116.24
26,Z026E0145,116.19
26,Z026E0146,105.6
26,Z026E0147,109.19
26,Z026E0148,96.45
26,Z026E0149,120.42
26,Z026E0150,107.34
26,Z026E0151,104.63
26,Z026E0152,115.99
26,Z026E0153,106.14
26,Z026E0154,117.35
26,Z026E0155,112.72
26,Z026E0156,117.08
26,Z026E0157,122.19
26,Z026E0158,114.41
26,Z026E0159,156.89
26,Z026E0162,115.06
26,Z026E0163,106.75
26,Z026E0164,116.33
26,Z026E0165,127.43
26,Z026E0166,105.8
26,Z026E0167,110.76
26,Z026E0168,115.95
26,Z026E0169,115.27
26,Z026E0170,110.77
26,Z026E0171,118.47
26,Z026E0172,112.16
26,Z026E0173,144.59
26,Z026E0174,128.84
26,Z026E0175,128.83
26,Z026E0176,115.19
26,Z026E0177,109.33
26,Z026E0179,144.17
26,Z026E0180,119.82
26,Z026E0181,79.01
26,Z026E0182,114.38
26,Z026E0183,115.23
26,Z026E0184,101.62
26,Z026E0186,124.31
26,Z026E0187,99.15
26,Z026E0189,108.84
26,Z026E0191,114.89
26,Z026E0193,119.55
26,Z026E0194,116.86
26,Z026E0196,117.9
26,Z026E0197,114.35
26,Z026E0198,105.77
26,Z026E0199,108.31
26,Z026E0200,104.05
