pop,Geno_Code,KRN-blue,SE
1,Z001E0001,11.5,1.695
1,Z001E0002,15.6,1.683
1,Z001E0003,14.6,1.683
1,Z001E0004,12.35,1.683
1,Z001E0005,12.1,1.683
1,Z001E0006,11.6,1.683
1,Z001E0007,14.6,1.683
1,Z001E0008,17.6,1.683
1,Z001E0009,12.1,1.683
1,Z001E0010,12.6,1.683
1,Z001E0011,12.1,1.683
1,Z001E0012,12.6,1.683
1,Z001E0013,13.6,1.683
1,Z001E0014,16.6,1.683
1,Z001E0015,16.6,1.683
1,Z001E0016,11.1,1.683
1,Z001E0017,13.5,1.695
1,Z001E0018,15.1,1.683
1,Z001E0019,13.1,1.683
1,Z001E0020,14.5,1.695
1,Z001E0021,13.6,1.683
1,Z001E0022,14.1,1.683
1,Z001E0023,13.1,1.683
1,Z001E0024,13.6,1.683
1,Z001E0025,13.1,1.683
1,Z001E0027,14.6,1.683
1,Z001E0028,14.6,1.683
1,Z001E0029,14.6,1.683
1,Z001E0030,11.35,1.683
1,Z001E0031,14.6,1.683
1,Z001E0032,14.1,1.683
1,Z001E0033,14.1,1.683
1,Z001E0034,13.1,1.683
1,Z001E0036,13.6,2.037
1,Z001E0037,14.1,1.683
1,Z001E0038,12.35,1.683
1,Z001E0039,12.6,1.683
1,Z001E0040,9.505,1.695
1,Z001E0041,16.6,1.683
1,Z001E0042,12.35,1.683
1,Z001E0043,12.6,1.683
1,Z001E0044,11.6,1.683
1,Z001E0045,17.1,1.683
1,Z001E0046,14.6,1.683
1,Z001E0047,12.6,1.683
1,Z001E0048,17.6,1.683
1,Z001E0049,11.1,1.683
1,Z001E0050,14.5,1.695
1,Z001E0051,15.6,1.683
1,Z001E0052,13.6,1.683
1,Z001E0053,12.6,1.683
1,Z001E0054,13.35,1.683
1,Z001E0055,17.1,1.683
1,Z001E0056,15.1,1.683
1,Z001E0057,13.6,1.683
1,Z001E0058,15.6,1.683
1,Z001E0059,14.35,1.683
1,Z001E0060,11.6,1.683
1,Z001E0061,14.1,1.683
1,Z001E0062,13.5,1.695
1,Z001E0063,14.35,1.683
1,Z001E0064,12.1,1.683
1,Z001E0065,14.1,1.683
1,Z001E0066,13.6,1.683
1,Z001E0067,10.35,1.683
1,Z001E0068,11.1,1.683
1,Z001E0069,15.6,1.683
1,Z001E0070,11.35,1.683
1,Z001E0071,14.6,1.683
1,Z001E0072,17.6,1.683
1,Z001E0074,14.5,1.695
1,Z001E0075,12.5,1.695
1,Z001E0076,12.6,1.683
1,Z001E0077,14.6,1.683
1,Z001E0078,14.6,1.683
1,Z001E0079,16.6,1.683
1,Z001E0080,15.6,1.683
1,Z001E0081,13.5,1.695
1,Z001E0082,13.1,1.683
1,Z001E0083,12.6,1.683
1,Z001E0085,13.6,1.683
1,Z001E0086,14.1,1.683
1,Z001E0087,16.6,1.683
1,Z001E0088,14.6,1.683
1,Z001E0089,16.1,1.683
1,Z001E0091,10.1,1.683
1,Z001E0092,12.6,1.683
1,Z001E0093,15.6,1.683
1,Z001E0094,14.6,1.683
1,Z001E0095,12.6,1.683
1,Z001E0096,15.1,1.683
1,Z001E0097,12.6,1.683
1,Z001E0098,15.1,1.683
1,Z001E0099,11.1,1.683
1,Z001E0101,14.35,1.683
1,Z001E0102,13.1,1.683
1,Z001E0103,12.1,1.683
1,Z001E0104,13.6,1.683
1,Z001E0105,14.6,1.683
1,Z001E0106,13.35,1.683
1,Z001E0107,13.1,1.683
1,Z001E0108,14.1,1.683
1,Z001E0109,14.1,1.683
1,Z001E0110,11.35,1.683
1,Z001E0111,12.6,1.683
1,Z001E0112,14.6,1.683
1,Z001E0113,13.5,1.695
1,Z001E0114,13.6,1.683
1,Z001E0115,14.1,1.683
1,Z001E0116,15.1,1.683
1,Z001E0117,12.6,1.683
1,Z001E0118,13.6,1.683
1,Z001E0119,10.1,1.683
1,Z001E0120,13.35,1.683
1,Z001E0121,13.6,1.683
1,Z001E0122,12.6,1.683
1,Z001E0123,15.1,1.683
1,Z001E0124,12.35,1.683
1,Z001E0125,13.35,1.683
1,Z001E0126,18.6,1.683
1,Z001E0127,16.6,1.683
1,Z001E0128,12.6,1.683
1,Z001E0129,12.6,1.683
1,Z001E0130,12.6,1.683
1,Z001E0131,14.1,1.683
1,Z001E0132,12.6,1.683
1,Z001E0133,13.6,1.683
1,Z001E0134,15.5,1.695
1,Z001E0135,14.1,1.683
1,Z001E0136,11.1,1.683
1,Z001E0137,12.35,1.683
1,Z001E0138,15.1,1.683
1,Z001E0139,13.6,1.683
1,Z001E0140,13.1,1.683
1,Z001E0141,11.35,1.683
1,Z001E0143,13.6,1.683
1,Z001E0144,14.1,1.683
1,Z001E0145,13.35,1.683
1,Z001E0146,13.6,1.683
1,Z001E0147,14.6,1.683
1,Z001E0148,14.1,1.683
1,Z001E0149,20.1,1.683
1,Z001E0150,13.6,1.683
1,Z001E0151,13.1,1.683
1,Z001E0152,11.1,1.683
1,Z001E0153,11.5,2.046
1,Z001E0154,13.6,1.683
1,Z001E0156,16.6,1.683
1,Z001E0157,10.6,1.683
1,Z001E0158,9.601,1.683
1,Z001E0159,11.5,1.695
1,Z001E0160,12.6,1.683
1,Z001E0161,11.6,1.683
1,Z001E0162,12.6,1.683
1,Z001E0163,14.6,1.683
1,Z001E0164,11.6,1.683
1,Z001E0165,11.1,1.683
1,Z001E0166,12.6,1.683
1,Z001E0167,16.35,1.683
1,Z001E0168,13.6,1.683
1,Z001E0169,14.5,1.695
1,Z001E0170,15.1,1.683
1,Z001E0171,14.6,1.683
1,Z001E0172,15.1,1.683
1,Z001E0173,13.6,1.683
1,Z001E0174,17.1,1.683
1,Z001E0175,15.6,1.683
1,Z001E0176,14.1,1.683
1,Z001E0177,16.6,1.683
1,Z001E0178,14.1,1.683
1,Z001E0180,14.6,1.683
1,Z001E0181,14.6,1.683
1,Z001E0182,12.6,1.683
1,Z001E0183,13.6,1.683
1,Z001E0184,14.1,1.683
1,Z001E0185,9.505,1.695
1,Z001E0186,12.5,1.695
1,Z001E0187,16.6,1.683
1,Z001E0188,11.5,2.046
1,Z001E0189,15.6,1.683
1,Z001E0190,16.1,1.683
1,Z001E0191,15.6,1.683
1,Z001E0192,17.6,1.683
1,Z001E0193,15.1,1.683
1,Z001E0194,11.6,1.683
1,Z001E0195,12.6,1.683
1,Z001E0197,13.1,1.683
1,Z001E0198,11.5,1.695
1,Z001E0200,11.5,1.695
1,Z001E0215,14.6,1.683
1,Z001E0229,13.5,1.695
1,Z001ESBreplace1,16.6,1.683
1,Z001ESBreplace2,13.6,1.683
1,Z001ESBreplace3,13.1,1.683
2,Z002E0001,13.58,1.151
2,Z002E0002,13.78,1.604
2,Z002E0003,11.22,1.61
2,Z002E0004,11.93,1.607
2,Z002E0005,16.03,1.607
2,Z002E0006,11.2,1.153
2,Z002E0007,13.78,1.604
2,Z002E0008,14.12,1.61
2,Z002E0009,14.12,1.61
2,Z002E0010,15.64,1.61
2,Z002E0011,13.8,1.604
2,Z002E0012,13.93,1.607
2,Z002E0013,12.8,1.928
2,Z002E0014,14.79,1.607
2,Z002E0015,11.86,1.252
2,Z002E0016,11.8,1.604
2,Z002E0017,16.18,1.153
2,Z002E0019,14.93,1.607
2,Z002E0020,12.12,1.61
2,Z002E0021,13.64,1.61
2,Z002E0022,12.62,1.151
2,Z002E0023,15.12,1.61
2,Z002E0025,12.22,1.61
2,Z002E0026,14.78,1.604
2,Z002E0027,12.8,1.604
2,Z002E0028,18.03,1.931
2,Z002E0029,16.93,1.607
2,Z002E0030,16.53,1.154
2,Z002E0031,11.64,1.61
2,Z002E0032,10.78,1.604
2,Z002E0033,16.18,1.616
2,Z002E0034,18.03,1.607
2,Z002E0035,17.18,1.616
2,Z002E0036,15.54,1.152
2,Z002E0037,14.03,1.607
2,Z002E0038,14.79,1.607
2,Z002E0039,11.57,1.151
2,Z002E0040,18.8,1.604
2,Z002E0041,14.18,1.616
2,Z002E0042,13.64,1.61
2,Z002E0044,17.79,1.607
2,Z002E0045,14.79,1.607
2,Z002E0046,15.72,1.151
2,Z002E0047,12.8,1.928
2,Z002E0048,19.96,1.619
2,Z002E0049,12.79,1.607
2,Z002E0050,15.93,1.607
2,Z002E0051,12.15,1.151
2,Z002E0052,13.96,1.619
2,Z002E0054,14.12,1.61
2,Z002E0055,13.22,1.61
2,Z002E0056,17.7,1.158
2,Z002E0057,12.18,1.616
2,Z002E0058,14.93,1.607
2,Z002E0059,15.22,1.933
2,Z002E0061,16.01,1.154
2,Z002E0062,11.03,1.607
2,Z002E0063,17.22,1.61
2,Z002E0064,15.22,1.61
2,Z002E0065,17.22,1.61
2,Z002E0066,16.8,1.604
2,Z002E0068,12.7,1.153
2,Z002E0069,12.96,1.619
2,Z002E0070,15.18,1.938
2,Z002E0071,11.79,1.607
2,Z002E0072,12.96,1.619
2,Z002E0073,12.64,1.61
2,Z002E0074,12.1,1.152
2,Z002E0075,13.96,1.619
2,Z002E0076,14.78,1.604
2,Z002E0077,11.79,1.607
2,Z002E0078,16.78,1.604
2,Z002E0079,16.03,1.931
2,Z002E0080,15.03,1.607
2,Z002E0081,16.03,1.607
2,Z002E0082,13.03,1.607
2,Z002E0083,12.78,1.604
2,Z002E0084,13.93,1.257
2,Z002E0085,12.12,1.61
2,Z002E0086,17.12,1.61
2,Z002E0087,11.01,1.152
2,Z002E0088,15.78,1.604
2,Z002E0089,14.96,1.619
2,Z002E0090,13.79,1.607
2,Z002E0091,11.18,1.938
2,Z002E0092,14.8,1.928
2,Z002E0093,15.12,1.61
2,Z002E0094,14.07,1.254
2,Z002E0095,13.22,1.61
2,Z002E0096,13.96,1.619
2,Z002E0097,16.79,1.607
2,Z002E0098,14.93,1.607
2,Z002E0099,14.49,1.154
2,Z002E0100,13.49,1.151
2,Z002E0101,15.78,1.604
2,Z002E0102,13.42,1.151
2,Z002E0103,13.64,1.934
2,Z002E0104,14.8,1.604
2,Z002E0105,14.03,1.607
2,Z002E0106,13.78,1.604
2,Z002E0107,15.18,1.154
2,Z002E0108,20.12,1.61
2,Z002E0109,11.93,1.607
2,Z002E0110,12.79,1.607
2,Z002E0111,14.12,1.61
2,Z002E0112,11.18,1.616
2,Z002E0113,15.64,1.61
2,Z002E0114,13.93,1.607
2,Z002E0115,14.22,1.61
2,Z002E0116,14.64,1.61
2,Z002E0117,15.8,1.604
2,Z002E0118,14.93,1.607
2,Z002E0119,15.12,1.61
2,Z002E0120,12.18,1.633
2,Z002E0121,15.88,1.152
2,Z002E0122,14.93,1.607
2,Z002E0123,9.784,1.604
2,Z002E0124,13.18,1.616
2,Z002E0125,18.12,1.61
2,Z002E0126,15.96,1.619
2,Z002E0127,12.93,1.607
2,Z002E0128,16.03,1.607
2,Z002E0129,19.96,1.619
2,Z002E0130,16.22,1.61
2,Z002E0131,15.64,1.61
2,Z002E0132,15.8,1.604
2,Z002E0133,11.64,1.934
2,Z002E0134,12.18,1.633
2,Z002E0135,15.64,1.61
2,Z002E0136,12.79,1.607
2,Z002E0137,13.96,1.619
2,Z002E0138,15,1.155
2,Z002E0139,14.18,1.616
2,Z002E0141,14.96,1.619
2,Z002E0142,14.18,1.616
2,Z002E0143,19.64,1.61
2,Z002E0144,13.64,1.61
2,Z002E0145,13.22,1.61
2,Z002E0146,14.96,1.619
2,Z002E0147,16.64,1.61
2,Z002E0148,12.03,1.607
2,Z002E0149,12.18,1.616
2,Z002E0150,16.72,1.153
2,Z002E0151,11.18,1.938
2,Z002E0152,12.12,1.933
2,Z002E0153,19.18,1.938
2,Z002E0154,13.54,1.152
2,Z002E0155,16.12,1.61
2,Z002E0156,12.66,1.253
2,Z002E0157,16.64,1.61
2,Z002E0158,14.54,1.253
2,Z002E0159,13.64,1.61
2,Z002E0160,15.18,1.635
2,Z002E0161,13.22,1.933
2,Z002E0162,14.03,1.607
2,Z002E0163,14.78,1.928
2,Z002E0164,15.42,1.153
2,Z002E0165,15.28,1.253
2,Z002E0166,12.8,1.604
2,Z002E0167,14.96,1.619
2,Z002E0168,16.19,1.252
2,Z002E0169,15.93,1.607
2,Z002E0170,14.22,1.61
2,Z002E0171,12.79,1.607
2,Z002E0172,13.93,1.607
2,Z002E0173,14.66,1.158
2,Z002E0174,15.78,1.604
2,Z002E0175,14.07,1.252
2,Z002E0176,12.96,1.619
2,Z002E0178,16.79,1.607
2,Z002E0179,12.18,1.616
2,Z002E0180,14.64,1.61
2,Z002E0181,15.8,1.604
2,Z002E0183,13.49,1.154
2,Z002E0184,14.93,1.607
2,Z002E0185,17.12,1.61
2,Z002E0186,14.96,1.619
2,Z002E0187,7.219,1.933
2,Z002E0188,14.96,1.619
2,Z002E0189,17.8,1.604
2,Z002E0190,14.93,1.607
2,Z002E0191,17.22,1.61
2,Z002E0192,14.96,1.941
2,Z002E0193,16.02,1.253
2,Z002E0194,11.8,1.604
2,Z002E0195,12.78,1.928
2,Z002E0196,14.22,1.61
2,Z002E0197,13.05,1.152
2,Z002E0198,18.03,1.607
2,Z002E0199,13.96,1.619
2,Z002E0200,13.18,1.616
2,Z002E0207,13.22,1.61
2,Z002E0217,12.79,1.607
2,Z002ESBreplace1,14.66,1.158
3,Z003E0005,15.57,1.68
3,Z003E0007,13.82,1.68
3,Z003E0014,12.82,1.68
3,Z003E0017,14.57,1.68
3,Z003E0038,10.82,2.034
3,Z003E0043,14.57,1.68
3,Z003E0044,15.57,1.68
3,Z003E0046,14.57,1.68
3,Z003E0049,10.82,1.68
3,Z003E0052,16.57,1.68
3,Z003E0058,11.82,1.68
3,Z003E0062,11.57,1.68
3,Z003E0069,11.82,1.68
3,Z003E0070,14.57,1.68
3,Z003E0071,14.82,1.68
3,Z003E0072,10.82,1.68
3,Z003E0075,13.57,1.68
3,Z003E0080,11.82,1.68
3,Z003E0085,12.57,1.68
3,Z003E0091,16.57,1.68
3,Z003E0094,14.57,1.68
3,Z003E0096,12.82,1.68
3,Z003E0105,14.57,1.68
3,Z003E0115,13.57,1.68
3,Z003E0120,14.82,2.034
3,Z003E0126,14.57,1.68
3,Z003E0127,11.82,1.68
3,Z003E0129,13.57,1.68
3,Z003E0140,12.32,1.68
3,Z003E0143,14.82,2.034
3,Z003E0145,13.82,1.68
3,Z003E0161,13.82,1.68
3,Z003E0166,10.57,1.68
3,Z003E0172,15.57,1.68
3,Z003E0191,12.82,1.68
4,Z004E0001,16.67,1.613
4,Z004E0002,16.17,1.62
4,Z004E0003,17.17,1.62
4,Z004E0004,19.29,1.155
4,Z004E0005,17.39,1.156
4,Z004E0006,15.48,1.263
4,Z004E0007,17.54,1.942
4,Z004E0008,15.67,1.936
4,Z004E0009,15.63,1.963
4,Z004E0010,17.21,1.938
4,Z004E0011,12.21,1.616
4,Z004E0012,14.39,1.615
4,Z004E0013,13.39,1.938
4,Z004E0015,15.05,1.622
4,Z004E0016,10.99,1.64
4,Z004E0017,14.83,1.157
4,Z004E0018,15.05,1.622
4,Z004E0019,14.83,1.944
4,Z004E0020,19.05,1.622
4,Z004E0021,14.05,1.944
4,Z004E0022,20.54,1.62
4,Z004E0023,14.83,1.622
4,Z004E0024,16.83,1.622
4,Z004E0025,12,1.158
4,Z004E0026,14.63,1.632
4,Z004E0027,16.54,1.62
4,Z004E0028,15.62,1.154
4,Z004E0029,15.39,1.615
4,Z004E0030,15.63,1.646
4,Z004E0032,15.63,1.646
4,Z004E0033,13.21,1.616
4,Z004E0034,17.21,1.616
4,Z004E0035,15.39,1.615
4,Z004E0036,16.05,1.622
4,Z004E0037,12.63,1.646
4,Z004E0039,13.67,1.936
4,Z004E0040,14.68,1.163
4,Z004E0041,18.05,1.622
4,Z004E0043,14.47,1.638
4,Z004E0044,15.39,1.615
4,Z004E0045,17.96,1.612
4,Z004E0046,15.17,1.62
4,Z004E0047,18.67,1.613
4,Z004E0048,18.17,1.62
4,Z004E0050,15.83,1.622
4,Z004E0052,16.05,1.622
4,Z004E0053,13.39,1.615
4,Z004E0054,17.63,1.646
4,Z004E0056,15.54,1.942
4,Z004E0057,11.39,1.615
4,Z004E0058,16.47,1.638
4,Z004E0059,12.63,1.646
4,Z004E0060,13.47,1.638
4,Z004E0061,15.96,1.612
4,Z004E0062,16.63,1.163
4,Z004E0063,15.63,1.646
4,Z004E0064,13.83,1.622
4,Z004E0066,15.39,1.938
4,Z004E0067,20.47,1.638
4,Z004E0068,13.93,1.158
4,Z004E0069,15.63,1.646
4,Z004E0070,16.67,1.613
4,Z004E0071,16.47,1.638
4,Z004E0072,13.54,1.62
4,Z004E0073,14.95,1.253
4,Z004E0074,13.75,1.163
4,Z004E0075,17.54,1.62
4,Z004E0076,11.47,1.638
4,Z004E0077,15.43,1.167
4,Z004E0078,15.85,1.155
4,Z004E0079,12.96,1.612
4,Z004E0080,10.83,1.622
4,Z004E0082,14.17,1.62
4,Z004E0083,15.96,1.612
4,Z004E0084,14,1.268
4,Z004E0085,14.39,1.615
4,Z004E0086,14.45,1.158
4,Z004E0087,13.96,1.935
4,Z004E0089,11.21,1.616
4,Z004E0090,12.96,1.612
4,Z004E0091,16.17,1.62
4,Z004E0092,12.47,1.957
4,Z004E0093,16,1.268
4,Z004E0094,13.47,1.638
4,Z004E0095,13.63,1.963
4,Z004E0096,16.39,1.167
4,Z004E0097,14.67,1.613
4,Z004E0098,17.21,1.616
4,Z004E0099,17.21,1.616
4,Z004E0100,18.05,1.944
4,Z004E0101,13.2,1.163
4,Z004E0102,14.47,1.638
4,Z004E0103,15.63,1.963
4,Z004E0104,12.21,1.616
4,Z004E0105,13.94,1.167
4,Z004E0107,14.18,1.254
4,Z004E0108,14.83,1.622
4,Z004E0109,15.63,1.963
4,Z004E0110,13.1,1.154
4,Z004E0111,13.59,1.156
4,Z004E0112,13.63,1.963
4,Z004E0113,15.83,1.622
4,Z004E0114,15.54,1.942
4,Z004E0115,17.47,1.638
4,Z004E0116,13.83,1.622
4,Z004E0117,15.21,1.616
4,Z004E0118,15.25,1.155
4,Z004E0120,14.53,1.167
4,Z004E0121,15.63,1.963
4,Z004E0122,17.05,1.622
4,Z004E0123,12.83,1.944
4,Z004E0124,14.39,1.615
4,Z004E0125,12.67,1.613
4,Z004E0126,16.96,1.612
4,Z004E0127,14.05,1.622
4,Z004E0128,13,1.158
4,Z004E0129,14.83,1.622
4,Z004E0130,15.05,1.622
4,Z004E0131,18.54,1.62
4,Z004E0133,12.54,1.62
4,Z004E0134,14.47,1.638
4,Z004E0135,14.31,1.154
4,Z004E0136,16.05,1.944
4,Z004E0137,13.98,1.256
4,Z004E0138,15.17,1.62
4,Z004E0139,15.53,1.157
4,Z004E0140,15.54,1.62
4,Z004E0141,14.05,1.622
4,Z004E0144,13.21,1.938
4,Z004E0145,14.17,1.62
4,Z004E0146,12.96,1.612
4,Z004E0147,15.54,1.62
4,Z004E0148,15.21,1.938
4,Z004E0149,17.47,1.638
4,Z004E0150,12.54,1.62
4,Z004E0151,13.54,1.62
4,Z004E0152,16.17,1.62
4,Z004E0153,17.63,1.963
4,Z004E0155,16.96,1.612
4,Z004E0156,13.05,1.622
4,Z004E0157,10.67,1.613
4,Z004E0158,13.83,1.622
4,Z004E0159,14.47,1.638
4,Z004E0160,16.05,1.622
4,Z004E0161,13.07,1.163
4,Z004E0162,17.63,1.646
4,Z004E0163,14.96,1.612
4,Z004E0164,12.54,1.62
4,Z004E0165,16.17,1.942
4,Z004E0166,11.67,1.613
4,Z004E0167,13.05,1.622
4,Z004E0168,13.21,1.616
4,Z004E0169,13.52,1.163
4,Z004E0170,13.05,1.622
4,Z004E0171,13.83,1.622
4,Z004E0172,12.39,1.615
4,Z004E0173,14.37,1.253
4,Z004E0174,14.67,1.613
4,Z004E0175,13.39,1.615
4,Z004E0176,9.207,1.938
4,Z004E0177,16.67,1.613
4,Z004E0178,14.83,1.622
4,Z004E0179,14.17,1.62
4,Z004E0180,16.05,1.622
4,Z004E0181,17.98,1.156
4,Z004E0182,14.43,1.167
4,Z004E0183,14.96,1.612
4,Z004E0184,13.77,1.254
4,Z004E0185,15.63,1.963
4,Z004E0186,15.67,1.613
4,Z004E0187,14.63,1.646
4,Z004E0188,12.96,1.612
4,Z004E0189,15.21,1.616
4,Z004E0190,18.17,1.62
4,Z004E0191,14.67,1.613
4,Z004E0192,13.17,1.62
4,Z004E0193,18.67,1.613
4,Z004E0194,14.47,1.638
4,Z004E0195,14.47,1.638
4,Z004E0196,14.96,1.612
4,Z004E0197,15.67,1.613
4,Z004E0198,14.21,1.616
4,Z004E0199,18.54,1.62
4,Z004E0200,12.47,1.638
4,Z004E0208,18.05,1.622
4,Z004E0232,15.67,1.613
5,Z005E0001,14.47,1.7
5,Z005E0010,15.29,1.7
5,Z005E0016,12.29,1.7
5,Z005E0019,10.47,1.7
5,Z005E0032,14.29,1.7
5,Z005E0037,12.47,1.7
5,Z005E0048,14.29,1.7
5,Z005E0053,14.47,1.7
5,Z005E0058,13.29,1.7
5,Z005E0062,15.47,1.7
5,Z005E0071,11.47,1.7
5,Z005E0072,12.47,1.7
5,Z005E0075,13.47,1.7
5,Z005E0079,14.29,1.7
5,Z005E0105,16.29,1.7
5,Z005E0108,11.47,1.7
5,Z005E0119,14.47,1.7
5,Z005E0137,14.29,1.7
5,Z005E0138,12.29,1.7
5,Z005E0139,10.29,1.7
5,Z005E0141,13.47,1.7
5,Z005E0148,12.47,1.7
5,Z005E0149,15.47,1.7
5,Z005E0150,13.29,1.7
5,Z005E0156,14.47,1.7
5,Z005E0157,11.47,1.7
5,Z005E0159,12.29,1.7
5,Z005E0162,17.29,1.7
5,Z005E0164,12.47,1.7
5,Z005E0167,11.29,1.7
5,Z005E0168,11.47,1.7
5,Z005E0170,12.47,1.7
5,Z005E0171,17.29,1.7
5,Z005E0174,16.29,1.7
5,Z005E0175,15.29,1.7
5,Z005E0181,15.47,2.051
5,Z005E0184,16.29,1.7
5,Z005E0193,11.47,1.7
5,Z005E0210,11.29,1.7
5,Z005E0215,14.29,1.7
6,Z006E0020,13.69,1.695
6,Z006E0028,11.69,1.695
6,Z006E0031,15.59,1.671
6,Z006E0034,16.59,1.671
6,Z006E0044,15.59,1.671
6,Z006E0051,12.69,1.695
6,Z006E0054,14.69,2.047
6,Z006E0058,13.69,1.695
6,Z006E0059,12.69,1.695
6,Z006E0061,15.69,1.695
6,Z006E0065,16.59,1.671
6,Z006E0066,9.693,1.695
6,Z006E0073,15.59,1.671
6,Z006E0074,13.69,1.695
6,Z006E0088,15.59,1.671
6,Z006E0095,14.59,1.671
6,Z006E0103,17.59,1.671
6,Z006E0104,13.69,1.695
6,Z006E0107,13.59,1.671
6,Z006E0110,13.69,1.695
6,Z006E0116,13.59,2.026
6,Z006E0124,16.69,1.695
6,Z006E0137,15.59,1.671
6,Z006E0143,16.59,1.671
6,Z006E0145,13.59,1.671
6,Z006E0159,16.59,1.671
6,Z006E0164,13.69,1.695
6,Z006E0175,14.59,1.671
6,Z006E0177,10.69,1.695
6,Z006E0196,11.69,1.695
6,Z006E0200,13.59,1.671
6,Z006E0204,11.69,1.695
6,Z006E0226,11.69,1.695
6,Z006E0228,13.69,1.695
6,Z006E0255,14.69,1.695
7,Z007E0005,12.05,1.696
7,Z007E0008,17.05,1.696
7,Z007E0010,15.05,1.696
7,Z007E0014,13.05,1.696
7,Z007E0015,15.05,1.696
7,Z007E0020,12.05,1.696
7,Z007E0027,14.05,1.696
7,Z007E0036,14.05,1.696
7,Z007E0044,15.05,1.696
7,Z007E0046,15.05,1.696
7,Z007E0052,12.05,1.696
7,Z007E0053,12.05,1.696
7,Z007E0054,13.05,1.696
7,Z007E0064,16.05,1.696
7,Z007E0079,10.05,1.696
7,Z007E0086,16.05,1.696
7,Z007E0087,15.05,1.696
7,Z007E0090,13.05,1.696
7,Z007E0092,14.05,1.696
7,Z007E0100,14.05,1.696
7,Z007E0111,11.05,1.696
7,Z007E0116,13.05,1.696
7,Z007E0117,13.05,1.696
7,Z007E0118,13.05,1.696
7,Z007E0120,15.05,1.696
7,Z007E0127,13.05,1.696
7,Z007E0139,12.05,1.696
7,Z007E0155,11.05,1.696
7,Z007E0156,13.05,1.696
7,Z007E0158,16.05,1.696
7,Z007E0163,15.05,1.696
7,Z007E0172,16.05,1.696
7,Z007E0174,14.05,1.696
7,Z007E0175,17.05,1.696
7,Z007E0176,16.05,1.696
7,Z007E0189,11.05,2.047
7,Z007E0194,15.05,1.696
7,Z007E0195,16.55,1.696
8,Z008E0001,13.35,1.683
8,Z008E0002,16.1,1.683
8,Z008E0003,13.1,1.683
8,Z008E0004,13.35,1.683
8,Z008E0005,17.85,1.683
8,Z008E0006,16.6,1.683
8,Z008E0007,15.1,1.683
8,Z008E0008,13.85,1.683
8,Z008E0009,14.35,1.683
8,Z008E0010,10.35,1.683
8,Z008E0011,14.1,1.683
8,Z008E0012,14.6,1.683
8,Z008E0013,15.1,1.683
8,Z008E0014,12.1,1.683
8,Z008E0015,12.1,1.683
8,Z008E0016,11.71,1.662
8,Z008E0017,10.71,1.662
8,Z008E0018,12.1,2.037
8,Z008E0019,15.1,1.683
8,Z008E0020,18.1,1.683
8,Z008E0021,14.85,1.683
8,Z008E0023,11.85,1.683
8,Z008E0024,13.1,1.683
8,Z008E0025,14.35,1.683
8,Z008E0026,18.94,1.695
8,Z008E0027,12.85,1.683
8,Z008E0028,13.35,1.683
8,Z008E0029,15.35,1.683
8,Z008E0030,13.35,1.683
8,Z008E0031,10.1,1.683
8,Z008E0032,12.1,1.683
8,Z008E0033,14.1,1.683
8,Z008E0034,13.35,1.683
8,Z008E0035,15.1,1.683
8,Z008E0036,13.35,1.683
8,Z008E0037,12.1,1.683
8,Z008E0038,16.6,1.683
8,Z008E0039,13.85,1.683
8,Z008E0040,12.35,1.683
8,Z008E0041,16.94,1.695
8,Z008E0042,13.85,1.683
8,Z008E0043,16.1,1.683
8,Z008E0044,12.1,1.683
8,Z008E0045,12.71,1.662
8,Z008E0046,14.35,1.683
8,Z008E0047,16.94,1.695
8,Z008E0048,13.6,1.683
8,Z008E0049,10.85,1.683
8,Z008E0050,10.35,1.683
8,Z008E0051,15.71,1.662
8,Z008E0052,14.35,1.683
8,Z008E0053,11.6,1.683
8,Z008E0054,16.1,2.037
8,Z008E0055,9.852,1.683
8,Z008E0056,14.85,1.683
8,Z008E0057,15.94,1.695
8,Z008E0058,17.1,1.683
8,Z008E0059,10.35,1.683
8,Z008E0060,11.1,1.683
8,Z008E0061,16.94,1.695
8,Z008E0062,13.85,1.683
8,Z008E0063,11.85,1.683
8,Z008E0064,14.35,1.683
8,Z008E0065,9.601,2.037
8,Z008E0066,13.1,1.683
8,Z008E0067,12.35,1.683
8,Z008E0068,13.35,1.683
8,Z008E0069,16.35,1.683
8,Z008E0070,13.1,1.683
8,Z008E0071,9.852,1.683
8,Z008E0072,11.6,1.683
8,Z008E0073,14.35,1.683
8,Z008E0074,11.1,1.683
8,Z008E0075,14.1,1.683
8,Z008E0076,14.35,1.683
8,Z008E0077,10.1,1.683
8,Z008E0078,12.85,1.683
8,Z008E0079,13.1,1.683
8,Z008E0080,9.852,1.683
8,Z008E0081,14.6,1.683
8,Z008E0082,12.1,1.683
8,Z008E0083,9.852,1.683
8,Z008E0084,13.35,1.683
8,Z008E0085,15.35,1.683
8,Z008E0086,12.35,1.683
8,Z008E0087,13.71,1.662
8,Z008E0088,14.71,1.662
8,Z008E0090,15.94,1.695
8,Z008E0091,17.1,1.683
8,Z008E0092,16.1,1.683
8,Z008E0093,13.71,1.662
8,Z008E0094,14.94,1.695
8,Z008E0095,13.71,1.662
8,Z008E0096,15.94,1.695
8,Z008E0097,16.1,1.683
8,Z008E0098,12.35,1.683
8,Z008E0099,14.71,1.662
8,Z008E0100,12.85,1.683
8,Z008E0101,11.71,1.662
8,Z008E0102,13.35,1.683
8,Z008E0103,15.71,1.662
8,Z008E0104,10.85,1.683
8,Z008E0105,13.94,1.695
8,Z008E0106,12.1,1.683
8,Z008E0107,12.1,1.683
8,Z008E0108,19.35,1.683
8,Z008E0109,14.1,1.683
8,Z008E0110,11.85,1.683
8,Z008E0111,10.71,1.662
8,Z008E0112,13.1,1.683
8,Z008E0113,11.94,1.695
8,Z008E0114,12.1,1.683
8,Z008E0115,15.35,1.683
8,Z008E0116,12.35,1.683
8,Z008E0117,11.85,2.037
8,Z008E0118,9.601,1.683
8,Z008E0119,14.1,1.683
8,Z008E0120,13.94,1.695
8,Z008E0121,12.35,1.683
8,Z008E0123,13.35,1.683
8,Z008E0124,13.94,1.695
8,Z008E0125,11.85,1.683
8,Z008E0126,12.1,1.683
8,Z008E0127,15.1,1.683
8,Z008E0129,12.1,1.683
8,Z008E0130,13.71,1.662
8,Z008E0131,13.94,1.695
8,Z008E0132,13.1,1.683
8,Z008E0133,13.6,1.683
8,Z008E0135,11.6,1.683
8,Z008E0136,14.35,1.683
8,Z008E0137,12.35,1.683
8,Z008E0139,13.85,2.037
8,Z008E0140,8.939,1.695
8,Z008E0141,14.6,1.683
8,Z008E0142,11.1,1.683
8,Z008E0143,14.35,1.683
8,Z008E0144,13.85,1.683
8,Z008E0145,16.35,1.683
8,Z008E0146,10.85,1.683
8,Z008E0147,14.94,1.695
8,Z008E0148,10.6,1.683
8,Z008E0149,12.6,1.683
8,Z008E0150,16.1,1.683
8,Z008E0151,13.35,1.683
8,Z008E0152,11.85,1.683
8,Z008E0153,13.6,1.683
8,Z008E0154,15.71,1.662
8,Z008E0155,10.85,1.683
8,Z008E0156,12.1,1.683
8,Z008E0157,14.1,1.683
8,Z008E0158,13.94,1.695
8,Z008E0159,13.71,1.662
8,Z008E0160,17.1,1.683
8,Z008E0161,12.85,1.683
8,Z008E0162,12.94,1.695
8,Z008E0163,10.85,1.683
8,Z008E0164,14.6,1.683
8,Z008E0165,12.1,1.683
8,Z008E0166,13.85,1.683
8,Z008E0167,10.35,1.683
8,Z008E0168,11.6,1.683
8,Z008E0169,13.1,1.683
8,Z008E0170,13.94,1.695
8,Z008E0171,7.102,1.683
8,Z008E0172,14.1,2.037
8,Z008E0173,17.6,1.683
8,Z008E0174,13.85,1.683
8,Z008E0175,10.85,1.683
8,Z008E0176,14.94,1.695
8,Z008E0177,10.1,1.683
8,Z008E0178,16.1,1.683
8,Z008E0179,15.35,1.683
8,Z008E0180,12.85,1.683
8,Z008E0181,13.85,1.683
8,Z008E0182,14.85,1.683
8,Z008E0183,12.85,1.683
8,Z008E0184,14.94,1.695
8,Z008E0185,13.85,2.037
8,Z008E0186,10.6,1.683
8,Z008E0187,17.71,1.662
8,Z008E0188,13.71,1.662
8,Z008E0189,15.1,1.683
8,Z008E0190,11.85,1.683
8,Z008E0191,14.35,1.683
8,Z008E0192,11.6,1.683
8,Z008E0193,13.1,1.683
8,Z008E0194,11.1,1.683
8,Z008E0195,12.1,1.683
8,Z008E0196,15.1,1.683
8,Z008E0197,11.35,1.683
8,Z008E0198,14.1,1.683
8,Z008E0199,16.71,1.662
8,Z008E0200,11.1,1.683
8,Z008E0253,14.71,1.662
9,Z009E0001,15.4,1.626
9,Z009E0002,14.29,1.664
9,Z009E0003,13.27,1.154
9,Z009E0004,12.96,1.62
9,Z009E0005,10.6,1.156
9,Z009E0007,12.46,1.62
9,Z009E0008,14.76,1.625
9,Z009E0009,12.33,1.157
9,Z009E0010,12.87,1.273
9,Z009E0013,13.55,1.624
9,Z009E0014,15.86,1.151
9,Z009E0015,13.67,1.64
9,Z009E0016,12.54,1.153
9,Z009E0017,12.55,1.624
9,Z009E0018,13.4,1.626
9,Z009E0019,14.37,1.612
9,Z009E0020,12.67,1.64
9,Z009E0023,12.4,1.626
9,Z009E0025,14.37,1.612
9,Z009E0026,11.55,1.624
9,Z009E0027,11.97,1.625
9,Z009E0028,14.29,1.664
9,Z009E0029,11.55,1.624
9,Z009E0030,13.78,1.158
9,Z009E0031,13.75,1.154
9,Z009E0032,14.05,1.927
9,Z009E0033,11.46,1.62
9,Z009E0034,14.84,1.608
9,Z009E0035,14.28,1.641
9,Z009E0036,15.05,1.602
9,Z009E0037,10.97,1.946
9,Z009E0038,12.55,1.624
9,Z009E0039,17.76,1.946
9,Z009E0040,13.81,1.181
9,Z009E0041,12.76,1.625
9,Z009E0043,15.05,1.602
9,Z009E0044,11.37,1.612
9,Z009E0045,11.4,1.946
9,Z009E0047,13.46,1.942
9,Z009E0048,13.37,1.935
9,Z009E0049,16.28,1.641
9,Z009E0050,13.76,1.625
9,Z009E0052,15.48,1.158
9,Z009E0053,12.48,1.158
9,Z009E0055,12.67,1.64
9,Z009E0056,12.16,1.154
9,Z009E0057,14.45,1.168
9,Z009E0058,11.07,1.156
9,Z009E0059,12.27,1.154
9,Z009E0060,12.55,1.624
9,Z009E0061,11.55,1.624
9,Z009E0062,11.97,1.625
9,Z009E0063,14.4,1.626
9,Z009E0064,10.97,1.625
9,Z009E0065,10.67,1.64
9,Z009E0066,15.84,1.608
9,Z009E0067,13.37,1.935
9,Z009E0068,10.84,1.608
9,Z009E0069,12.97,1.946
9,Z009E0070,12.26,1.625
9,Z009E0071,10.46,1.62
9,Z009E0072,13.76,1.625
9,Z009E0073,13.4,1.946
9,Z009E0074,13.84,1.608
9,Z009E0075,15.05,1.602
9,Z009E0076,13.55,1.624
9,Z009E0077,15.37,1.612
9,Z009E0078,12.81,1.158
9,Z009E0079,13.37,1.935
9,Z009E0080,10.97,1.946
9,Z009E0082,11.76,1.946
9,Z009E0083,7.762,1.625
9,Z009E0084,13.97,1.625
9,Z009E0085,10.96,1.62
9,Z009E0086,10.86,1.151
9,Z009E0087,11.37,1.612
9,Z009E0088,14.37,1.612
9,Z009E0089,15.28,1.641
9,Z009E0090,8.966,1.625
9,Z009E0091,14.37,1.612
9,Z009E0092,15.29,1.664
9,Z009E0093,12.29,1.978
9,Z009E0094,12.84,1.608
9,Z009E0095,12.97,1.625
9,Z009E0096,14.16,1.154
9,Z009E0097,12.14,1.165
9,Z009E0098,12.84,1.608
9,Z009E0099,13.26,1.625
9,Z009E0100,13.07,1.26
9,Z009E0101,11.55,1.602
9,Z009E0102,10.55,1.624
9,Z009E0103,14.29,1.664
9,Z009E0104,12.65,1.633
9,Z009E0105,14.46,1.62
9,Z009E0106,10.96,1.62
9,Z009E0107,16.76,1.625
9,Z009E0108,11.55,1.624
9,Z009E0110,12.06,1.151
9,Z009E0111,12.84,1.608
9,Z009E0112,11.05,1.602
9,Z009E0113,13.05,1.602
9,Z009E0114,13.35,1.256
9,Z009E0115,12.46,1.62
9,Z009E0116,12.37,1.612
9,Z009E0117,12.51,1.156
9,Z009E0118,14.84,1.608
9,Z009E0119,11.4,1.626
9,Z009E0120,13.71,1.158
9,Z009E0121,13.34,1.608
9,Z009E0122,14.47,1.172
9,Z009E0123,11.76,1.625
9,Z009E0124,11.97,1.625
9,Z009E0125,11.84,1.608
9,Z009E0127,13.4,1.626
9,Z009E0128,12.84,1.608
9,Z009E0129,14.76,1.625
9,Z009E0130,10.14,1.165
9,Z009E0131,14.05,1.602
9,Z009E0132,12.55,1.624
9,Z009E0133,13.9,1.159
9,Z009E0134,13.29,1.664
9,Z009E0135,15.46,1.62
9,Z009E0136,13.84,1.608
9,Z009E0138,12.29,1.978
9,Z009E0139,14.4,1.626
9,Z009E0140,17.67,1.64
9,Z009E0141,12.76,1.625
9,Z009E0142,13.64,1.158
9,Z009E0143,13.46,1.62
9,Z009E0144,12.76,1.625
9,Z009E0145,13.28,1.641
9,Z009E0146,14.84,1.608
9,Z009E0147,12.4,1.626
9,Z009E0149,13.37,1.612
9,Z009E0150,12.46,1.62
9,Z009E0151,13.67,1.64
9,Z009E0152,12.97,1.625
9,Z009E0153,12.29,1.664
9,Z009E0154,15.37,1.612
9,Z009E0155,14.52,1.168
9,Z009E0156,14.47,1.625
9,Z009E0157,14.55,1.624
9,Z009E0158,10.55,1.624
9,Z009E0159,13.4,1.626
9,Z009E0160,12.55,1.624
9,Z009E0161,12.25,1.181
9,Z009E0162,12.96,1.62
9,Z009E0163,13.4,1.946
9,Z009E0164,15.84,1.932
9,Z009E0165,11.84,1.608
9,Z009E0167,13.05,1.602
9,Z009E0168,13.05,1.602
9,Z009E0169,11.67,1.958
9,Z009E0170,12.47,1.625
9,Z009E0171,12.67,1.64
9,Z009E0173,15.67,1.64
9,Z009E0174,15.29,1.664
9,Z009E0175,13.86,1.161
9,Z009E0176,16.37,1.612
9,Z009E0177,12.19,1.257
9,Z009E0178,11.97,1.625
9,Z009E0179,18.29,1.978
9,Z009E0180,13.84,1.608
9,Z009E0181,15.29,1.978
9,Z009E0182,13.37,1.612
9,Z009E0183,17.76,1.625
9,Z009E0184,19.05,1.602
9,Z009E0185,9.966,1.625
9,Z009E0186,12.55,1.624
9,Z009E0187,18.05,1.602
9,Z009E0188,14.28,1.641
9,Z009E0190,11.4,1.626
9,Z009E0191,12.29,1.664
9,Z009E0192,13.4,1.946
9,Z009E0193,16.29,1.664
9,Z009E0194,11.46,1.62
9,Z009E0196,15.1,1.157
9,Z009E0198,13.67,1.958
9,Z009E0199,13.67,1.64
9,Z009E0200,10.97,1.625
9,Z009E0214,13.4,1.946
9,Z009E0219,11.97,1.625
9,Z009E0223,11.55,1.624
9,Z009E0243,13.37,1.612
9,Z009ESBreplace1,14.55,1.624
9,Z009ESBreplace2,13.34,1.151
9,Z009ESBreplace3,11.37,1.612
10,Z010E0002,15.62,1.683
10,Z010E0003,10.71,1.712
10,Z010E0006,12.72,1.663
10,Z010E0007,15.12,1.683
10,Z010E0008,11.52,1.663
10,Z010E0009,11.12,1.683
10,Z010E0013,14.62,1.683
10,Z010E0014,14.62,1.683
10,Z010E0015,11.66,1.67
10,Z010E0016,13.43,1.67
10,Z010E0018,15.71,1.712
10,Z010E0019,11.62,1.683
10,Z010E0020,15.72,2.02
10,Z010E0021,11.43,2.026
10,Z010E0022,11.37,2.037
10,Z010E0023,13.66,1.67
10,Z010E0024,11.52,1.663
10,Z010E0025,12.12,1.683
10,Z010E0026,14.62,1.683
10,Z010E0027,11.62,1.683
10,Z010E0030,13.62,1.683
10,Z010E0031,12.52,1.663
10,Z010E0032,14.66,1.67
10,Z010E0033,10.66,1.67
10,Z010E0034,11.72,1.663
10,Z010E0035,14.12,2.037
10,Z010E0037,14.43,1.67
10,Z010E0038,11.66,1.67
10,Z010E0039,12.62,1.683
10,Z010E0040,12.66,1.67
10,Z010E0043,9.723,1.663
10,Z010E0044,13.66,2.026
10,Z010E0046,13.43,2.026
10,Z010E0047,16.12,1.683
10,Z010E0049,11.37,2.037
10,Z010E0051,11.43,1.67
10,Z010E0052,12.12,1.683
10,Z010E0053,11.62,2.037
10,Z010E0056,11.71,1.712
10,Z010E0057,9.367,1.683
10,Z010E0059,13.62,2.037
10,Z010E0061,19.62,1.683
10,Z010E0062,12.12,1.683
10,Z010E0063,13.37,1.683
10,Z010E0066,11.72,1.663
10,Z010E0068,13.12,2.037
10,Z010E0071,13.12,1.683
10,Z010E0072,15.72,1.663
10,Z010E0073,12.62,1.683
10,Z010E0075,12.62,1.683
10,Z010E0076,12.12,1.683
10,Z010E0077,14.52,1.663
10,Z010E0078,12.62,1.683
10,Z010E0080,13.12,1.683
10,Z010E0081,12.62,1.683
10,Z010E0083,13.12,2.037
10,Z010E0086,12.12,2.037
10,Z010E0088,12.71,1.712
10,Z010E0089,14.62,1.683
10,Z010E0090,12.71,1.712
10,Z010E0092,11.43,2.026
10,Z010E0093,13.37,1.683
10,Z010E0094,17.66,1.67
10,Z010E0095,12.62,1.683
10,Z010E0096,11.71,2.061
10,Z010E0098,15.62,1.683
10,Z010E0099,13.12,1.683
10,Z010E0100,10.37,1.683
10,Z010E0101,11.72,1.663
10,Z010E0102,16.12,2.037
10,Z010E0104,11.43,2.026
10,Z010E0106,11.52,1.663
10,Z010E0107,11.72,2.02
10,Z010E0108,10.12,1.683
10,Z010E0109,10.66,1.67
10,Z010E0110,9.433,1.67
10,Z010E0111,15.66,1.67
10,Z010E0112,13.66,2.026
10,Z010E0113,11.43,2.026
10,Z010E0114,14.12,1.683
10,Z010E0116,13.43,1.67
10,Z010E0119,14.12,2.037
10,Z010E0121,10.37,1.683
10,Z010E0122,11.71,2.061
10,Z010E0125,15.71,1.712
10,Z010E0126,14.12,1.683
10,Z010E0127,11.71,1.712
10,Z010E0128,14.62,1.683
10,Z010E0129,13.71,1.712
10,Z010E0130,13.43,1.67
10,Z010E0131,15.62,1.683
10,Z010E0132,14.62,1.683
10,Z010E0133,13.72,2.02
10,Z010E0135,11.12,2.037
10,Z010E0136,10.43,1.67
10,Z010E0137,12.62,1.683
10,Z010E0138,11.71,1.712
10,Z010E0139,15.66,1.67
10,Z010E0140,13.52,1.663
10,Z010E0143,11.72,1.663
10,Z010E0144,11.62,1.683
10,Z010E0145,11.52,1.663
10,Z010E0146,17.37,1.683
10,Z010E0147,12.62,1.683
10,Z010E0151,15.71,1.712
10,Z010E0152,13.62,1.683
10,Z010E0153,11.37,1.683
10,Z010E0155,13.62,2.037
10,Z010E0156,13.12,1.683
10,Z010E0157,11.52,1.663
10,Z010E0158,14.12,1.683
10,Z010E0159,12.62,1.683
10,Z010E0160,14.66,1.67
10,Z010E0166,11.12,1.683
10,Z010E0172,12.71,1.712
10,Z010E0173,11.12,2.037
10,Z010E0175,12.52,1.663
10,Z010E0176,15.43,2.026
10,Z010E0178,14.72,1.663
10,Z010E0179,10.72,1.663
10,Z010E0180,11.62,2.037
10,Z010E0181,13.12,2.037
10,Z010E0185,13.12,1.683
10,Z010E0186,12.66,1.67
10,Z010E0187,12.62,1.683
10,Z010E0189,11.62,2.037
10,Z010E0191,11.62,1.683
10,Z010E0194,13.62,2.037
10,Z010E0195,9.618,1.683
10,Z010E0197,14.12,1.683
10,Z010E0198,13.71,1.712
10,Z010E0200,15.72,1.663
10,Z010E0214,9.367,1.683
11,Z011E0001,12.01,1.642
11,Z011E0003,16.17,1.252
11,Z011E0004,12.32,2.001
11,Z011E0005,15.01,1.251
11,Z011E0006,12.76,1.155
11,Z011E0007,14.71,1.59
11,Z011E0008,14.22,1.25
11,Z011E0009,10.42,2.002
11,Z011E0010,14.43,1.139
11,Z011E0011,14.9,1.25
11,Z011E0012,13.81,1.632
11,Z011E0013,13.42,1.64
11,Z011E0014,12.96,1.241
11,Z011E0015,12.05,2
11,Z011E0016,13.82,1.151
11,Z011E0017,13.01,1.642
11,Z011E0018,11.42,1.25
11,Z011E0019,14.03,1.393
11,Z011E0020,10.84,1.94
11,Z011E0021,14.59,1.641
11,Z011E0022,13.42,1.64
11,Z011E0023,13.48,1.157
11,Z011E0024,11.69,1.247
11,Z011E0025,13.85,1.141
11,Z011E0026,15.19,1.246
11,Z011E0027,13.8,1.143
11,Z011E0028,13.23,1.245
11,Z011E0029,10.61,1.253
11,Z011E0030,12.47,1.253
11,Z011E0031,13.16,1.15
11,Z011E0032,13.9,1.637
11,Z011E0033,13.92,1.993
11,Z011E0034,10.84,1.94
11,Z011E0035,12.05,1.639
11,Z011E0036,13.05,1.579
11,Z011E0037,15.27,1.145
11,Z011E0038,12.12,1.256
11,Z011E0039,13.77,1.243
11,Z011E0040,13.03,1.251
11,Z011E0041,13.31,1.144
11,Z011E0042,15.29,1.147
11,Z011E0043,10.92,1.63
11,Z011E0044,12,1.599
11,Z011E0045,12,1.599
11,Z011E0046,12.81,1.157
11,Z011E0047,13.39,1.251
11,Z011E0048,21.8,1.927
11,Z011E0049,13.29,1.593
11,Z011E0051,14.54,1.263
11,Z011E0052,16.49,1.617
11,Z011E0053,14.33,1.247
11,Z011E0054,13.03,1.588
11,Z011E0055,13.34,1.155
11,Z011E0056,11.94,1.143
11,Z011E0057,12.3,1.151
11,Z011E0058,12.55,1.254
11,Z011E0061,10.59,1.641
11,Z011E0062,11.91,1.148
11,Z011E0063,11.23,1.145
11,Z011E0064,13.91,1.261
11,Z011E0067,15.61,1.593
11,Z011E0068,14.61,1.593
11,Z011E0069,16,1.599
11,Z011E0071,13.86,1.142
11,Z011E0072,15.56,1.247
11,Z011E0073,12.01,1.642
11,Z011E0074,11.79,1.148
11,Z011E0075,12.22,1.387
11,Z011E0077,12.41,1.142
11,Z011E0078,14.75,1.387
11,Z011E0079,13.39,1.149
11,Z011E0080,14.1,1.14
11,Z011E0081,12.11,1.148
11,Z011E0082,11.32,1.639
11,Z011E0083,16.21,1.157
11,Z011E0084,13.9,1.999
11,Z011E0085,11.42,1.64
11,Z011E0086,12.66,1.147
11,Z011E0087,14.59,1.143
11,Z011E0088,12.59,1.641
11,Z011E0089,12,1.924
11,Z011E0090,15.62,1.148
11,Z011E0091,14.83,1.633
11,Z011E0092,13,1.142
11,Z011E0093,14.13,1.244
11,Z011E0094,12.29,1.593
11,Z011E0095,11.88,1.148
11,Z011E0096,13.01,1.243
11,Z011E0097,12.49,1.398
11,Z011E0098,13.29,1.593
11,Z011E0099,12.02,1.148
11,Z011E0100,14.04,1.146
11,Z011E0101,13.41,1.144
11,Z011E0102,14.61,1.593
11,Z011E0103,13.82,1.145
11,Z011E0104,12.11,1.148
11,Z011E0105,12.01,1.642
11,Z011E0106,14.13,1.148
11,Z011E0107,13.81,1.245
11,Z011E0108,15.81,1.632
11,Z011E0109,10.84,1.94
11,Z011E0110,14.5,1.253
11,Z011E0111,15.8,1.603
11,Z011E0112,11.71,1.59
11,Z011E0113,12.98,1.149
11,Z011E0115,12.95,1.147
11,Z011E0116,15.93,1.142
11,Z011E0117,13.5,1.137
11,Z011E0118,13.31,1.154
11,Z011E0119,12.61,1.253
11,Z011E0120,13.36,1.148
11,Z011E0121,14.29,1.593
11,Z011E0122,14.75,1.145
11,Z011E0123,13.93,1.248
11,Z011E0124,13.49,1.617
11,Z011E0125,12.51,1.143
11,Z011E0126,13.6,1.145
11,Z011E0127,15.2,1.142
11,Z011E0128,10.92,1.63
11,Z011E0129,12.81,1.632
11,Z011E0130,11.09,1.251
11,Z011E0131,12.66,1.147
11,Z011E0134,13.07,1.148
11,Z011E0135,13.06,1.147
11,Z011E0136,13.94,1.139
11,Z011E0137,13.49,1.617
11,Z011E0138,13.26,1.252
11,Z011E0139,11.76,1.253
11,Z011E0141,12.84,1.94
11,Z011E0142,13.59,1.249
11,Z011E0143,14.76,1.145
11,Z011E0144,15.09,1.15
11,Z011E0145,12.77,1.144
11,Z011E0146,13.62,1.145
11,Z011E0147,12.94,1.148
11,Z011E0148,12.78,1.251
11,Z011E0149,15.51,1.143
11,Z011E0150,11.67,1.144
11,Z011E0151,11.98,1.14
11,Z011E0152,12.01,1.252
11,Z011E0153,12.82,1.144
11,Z011E0154,13.47,1.148
11,Z011E0155,14.33,1.151
11,Z011E0156,13.77,1.15
11,Z011E0157,10.12,1.389
11,Z011E0158,14,1.924
11,Z011E0159,12.94,1.15
11,Z011E0160,14.68,1.145
11,Z011E0163,11.94,1.148
11,Z011E0164,12.2,1.588
11,Z011E0165,12.02,1.142
11,Z011E0166,14.53,1.149
11,Z011E0169,14,1.924
11,Z011E0170,12.42,1.64
11,Z011E0171,14.88,1.25
11,Z011E0172,15.05,1.908
11,Z011E0173,13.54,1.158
11,Z011E0174,13.38,1.147
11,Z011E0175,13.03,1.588
11,Z011E0176,14.77,1.147
11,Z011E0177,13.8,1.603
11,Z011E0178,13.61,1.919
11,Z011E0180,15.82,1.145
11,Z011E0182,12,1.155
11,Z011E0183,13.05,1.639
11,Z011E0184,13.59,1.148
11,Z011E0185,11.42,1.64
11,Z011E0186,12.32,1.153
11,Z011E0187,14.38,1.145
11,Z011E0188,12.84,1.617
11,Z011E0189,14.91,1.152
11,Z011E0190,15.59,2.002
11,Z011E0191,12.03,1.588
11,Z011E0192,12.81,1.632
11,Z011E0193,16.62,1.244
11,Z011E0194,16.77,1.148
11,Z011E0195,14.2,1.588
11,Z011E0196,11.56,1.145
11,Z011E0197,13.66,1.387
11,Z011E0199,12.05,1.579
11,Z011E0200,11.89,1.249
11,Z011E0226,12,1.599
11,Z011E0230,12.59,1.641
12,Z012E0001,12.83,1.6
12,Z012E0002,15.83,1.6
12,Z012E0003,17.89,1.607
12,Z012E0004,11.66,1.618
12,Z012E0005,18.3,1.619
12,Z012E0007,13.89,1.607
12,Z012E0008,14.3,1.619
12,Z012E0009,11.89,1.607
12,Z012E0010,12.83,1.6
12,Z012E0011,16.23,1.619
12,Z012E0012,11.29,1.614
12,Z012E0013,17.29,1.614
12,Z012E0014,12.04,1.934
12,Z012E0015,14.83,1.6
12,Z012E0016,12.23,1.941
12,Z012E0017,13.23,1.619
12,Z012E0018,13.09,1.15
12,Z012E0019,14.97,1.153
12,Z012E0020,14.34,1.152
12,Z012E0021,15.89,1.931
12,Z012E0022,12.66,1.618
12,Z012E0023,11.89,1.607
12,Z012E0024,15.83,1.925
12,Z012E0025,11.84,1.637
12,Z012E0026,13.23,1.619
12,Z012E0027,12.32,1.61
12,Z012E0028,14.02,1.604
12,Z012E0029,11.89,1.607
12,Z012E0030,12.02,1.604
12,Z012E0031,13.02,1.604
12,Z012E0033,15.3,1.619
12,Z012E0034,12.26,1.601
12,Z012E0035,13.39,1.155
12,Z012E0037,13.29,1.614
12,Z012E0038,13.23,1.619
12,Z012E0039,15.83,1.6
12,Z012E0040,13.29,1.614
12,Z012E0041,14.94,1.152
12,Z012E0042,12.66,1.618
12,Z012E0043,11.91,1.155
12,Z012E0044,15.89,1.607
12,Z012E0045,13.89,1.152
12,Z012E0046,14.18,1.152
12,Z012E0047,13.04,1.611
12,Z012E0048,14.33,1.153
12,Z012E0049,11.32,1.61
12,Z012E0050,17.3,1.619
12,Z012E0051,14.32,1.61
12,Z012E0052,13.32,1.933
12,Z012E0053,14.26,1.601
12,Z012E0054,19.26,1.601
12,Z012E0055,15.04,1.611
12,Z012E0056,10.89,1.607
12,Z012E0057,13.83,1.925
12,Z012E0059,14.04,1.611
12,Z012E0060,14.63,1.152
12,Z012E0061,13.02,1.604
12,Z012E0062,16.29,1.614
12,Z012E0063,12.3,1.619
12,Z012E0064,13.26,1.601
12,Z012E0065,13.04,1.611
12,Z012E0066,15.02,1.604
12,Z012E0067,11.66,1.618
12,Z012E0068,16.23,1.157
12,Z012E0069,14.3,1.941
12,Z012E0070,15.32,1.61
12,Z012E0071,11.32,1.933
12,Z012E0072,15.84,1.637
12,Z012E0073,14.84,1.999
12,Z012E0074,12.85,1.153
12,Z012E0075,18.29,1.614
12,Z012E0076,14.23,1.941
12,Z012E0077,12.66,1.618
12,Z012E0078,12.66,1.152
12,Z012E0079,12.66,1.618
12,Z012E0080,11.23,1.619
12,Z012E0081,11.9,1.15
12,Z012E0082,13.23,1.619
12,Z012E0083,17.62,1.154
12,Z012E0084,15.89,1.607
12,Z012E0085,14.59,1.257
12,Z012E0086,12.26,1.601
12,Z012E0087,14.02,1.604
12,Z012E0088,13.66,1.618
12,Z012E0089,15.49,1.634
12,Z012E0090,12.04,1.611
12,Z012E0091,18.04,1.611
12,Z012E0092,14.66,1.618
12,Z012E0093,13.26,1.601
12,Z012E0094,13.11,1.152
12,Z012E0095,16.66,1.618
12,Z012E0096,13.04,1.611
12,Z012E0097,13.66,1.618
12,Z012E0098,11.32,1.61
12,Z012E0099,13.76,1.15
12,Z012E0100,14.23,1.619
12,Z012E0101,13.04,1.611
12,Z012E0102,13.23,1.619
12,Z012E0103,13.2,1.255
12,Z012E0104,12.76,1.252
12,Z012E0106,11.66,1.618
12,Z012E0107,18.04,1.934
12,Z012E0108,14.83,1.6
12,Z012E0109,14.02,1.604
12,Z012E0110,14.23,1.941
12,Z012E0111,16.32,1.61
12,Z012E0112,13.29,1.614
12,Z012E0113,12.02,1.928
12,Z012E0114,12.3,1.941
12,Z012E0115,16.26,1.601
12,Z012E0116,15.04,1.611
12,Z012E0117,14.26,1.601
12,Z012E0118,12.23,1.619
12,Z012E0119,15.04,1.611
12,Z012E0120,14.04,1.934
12,Z012E0121,13.83,1.925
12,Z012E0122,12.23,1.619
12,Z012E0123,13.89,1.607
12,Z012E0124,11.32,1.61
12,Z012E0125,12.3,1.619
12,Z012E0126,17.49,1.155
12,Z012E0127,14.25,1.393
12,Z012E0128,14.02,1.604
12,Z012E0129,14.42,1.154
12,Z012E0130,12.3,1.941
12,Z012E0131,15.23,1.619
12,Z012E0132,12.23,1.941
12,Z012E0133,14.3,1.941
12,Z012E0134,17.89,1.931
12,Z012E0136,12.29,1.614
12,Z012E0137,13.89,1.607
12,Z012E0138,16.26,1.601
12,Z012E0139,12.32,1.61
12,Z012E0140,13.66,1.618
12,Z012E0141,15.18,1.152
12,Z012E0142,19.02,1.604
12,Z012E0143,13.42,1.153
12,Z012E0144,15.26,1.601
12,Z012E0145,10.66,1.618
12,Z012E0146,14.89,1.607
12,Z012E0147,15.29,1.614
12,Z012E0148,14.29,1.937
12,Z012E0149,14.83,1.6
12,Z012E0150,14.08,1.155
12,Z012E0151,10.66,1.618
12,Z012E0152,11.26,1.601
12,Z012E0153,14.3,1.619
12,Z012E0154,12.04,1.611
12,Z012E0155,12.83,1.6
12,Z012E0157,14.32,1.61
12,Z012E0158,14.29,1.937
12,Z012E0159,11.83,1.925
12,Z012E0160,12.59,1.257
12,Z012E0161,13.04,1.611
12,Z012E0163,14.29,1.614
12,Z012E0164,15.63,1.152
12,Z012E0165,15.3,1.619
12,Z012E0166,10.29,1.614
12,Z012E0167,13.04,1.611
12,Z012E0168,14.28,1.15
12,Z012E0169,12.3,1.619
12,Z012E0170,15.91,1.154
12,Z012E0171,13.02,1.604
12,Z012E0172,12.37,1.152
12,Z012E0173,16.29,1.614
12,Z012E0174,13.02,1.604
12,Z012E0175,14.83,1.6
12,Z012E0176,18.83,1.6
12,Z012E0177,13.32,1.61
12,Z012E0178,14.3,1.619
12,Z012E0179,14.66,1.618
12,Z012E0180,14.26,1.601
12,Z012E0181,15.3,1.619
12,Z012E0182,9.664,1.618
12,Z012E0183,16.29,1.614
12,Z012E0184,14.3,1.619
12,Z012E0185,12.9,1.153
12,Z012E0186,14.29,1.937
12,Z012E0187,13.26,1.926
12,Z012E0188,14.89,1.607
12,Z012E0189,13.26,1.926
12,Z012E0190,12.02,1.604
12,Z012E0191,17.19,1.152
12,Z012E0193,13.32,1.61
12,Z012E0194,16.29,1.937
12,Z012E0195,13.04,1.611
12,Z012E0196,14.02,1.604
12,Z012E0197,16.75,1.157
12,Z012E0198,15.89,1.931
12,Z012E0199,15.32,1.61
12,Z012E0200,13.3,1.619
12,Z012E0231,13.32,1.61
13,Z013E0003,12.07,2.034
13,Z013E0010,12.07,2.034
13,Z013E0011,15.07,1.68
13,Z013E0025,12.82,1.68
13,Z013E0035,12.82,1.68
13,Z013E0042,14.82,1.68
13,Z013E0043,12.82,2.034
13,Z013E0047,14.82,2.034
13,Z013E0051,12.82,1.68
13,Z013E0055,12.82,1.68
13,Z013E0058,11.82,1.68
13,Z013E0061,11.82,1.68
13,Z013E0062,12.07,2.034
13,Z013E0069,11.07,1.68
13,Z013E0071,12.07,1.68
13,Z013E0078,10.82,1.68
13,Z013E0085,15.82,1.68
13,Z013E0093,14.82,2.034
13,Z013E0095,11.07,1.68
13,Z013E0099,12.82,1.68
13,Z013E0109,12.07,2.034
13,Z013E0111,13.82,1.68
13,Z013E0112,12.82,1.68
13,Z013E0113,14.07,2.034
13,Z013ESBreplace14,12.07,1.68
13,Z013ESBreplace38,12.82,1.68
13,Z013ESBreplace40,11.82,1.68
13,Z013ESBreplace44,10.82,1.68
13,Z013ESBreplace6,12.82,1.68
13,Z013ESBreplace62,14.07,1.68
13,Z013ESBreplace66,14.07,1.68
15,Z015E0001,13.49,1.683
15,Z015E0002,12.49,1.683
15,Z015E0003,14.49,1.683
15,Z015E0004,11.24,1.683
15,Z015E0005,13.24,1.683
15,Z015E0007,12.82,1.662
15,Z015E0008,14.24,1.683
15,Z015E0009,16.24,1.683
15,Z015E0010,15.49,2.037
15,Z015E0011,16.24,1.683
15,Z015E0012,15.24,1.683
15,Z015E0013,12.24,1.683
15,Z015E0014,15.98,1.683
15,Z015E0015,14.73,1.683
15,Z015E0016,14.24,1.683
15,Z015E0017,15.49,1.683
15,Z015E0019,16.24,1.683
15,Z015E0020,12.24,1.683
15,Z015E0021,17.24,1.683
15,Z015E0022,14.49,1.683
15,Z015E0023,14.82,1.662
15,Z015E0024,13.98,1.683
15,Z015E0026,14.82,1.662
15,Z015E0027,12.73,1.683
15,Z015E0028,12.98,1.683
15,Z015E0029,18.98,1.683
15,Z015E0030,13.24,1.683
15,Z015E0031,11.98,1.683
15,Z015E0032,13.98,1.683
15,Z015E0033,14.24,1.683
15,Z015E0034,9.235,1.683
15,Z015E0035,16.49,1.683
15,Z015E0036,9.985,1.683
15,Z015E0037,8.486,2.037
15,Z015E0038,14.49,1.683
15,Z015E0039,11.98,1.683
15,Z015E0040,12.49,2.037
15,Z015E0041,11.73,2.037
15,Z015E0042,15.24,1.683
15,Z015E0043,14.24,1.683
15,Z015E0044,16.24,1.683
15,Z015E0045,15.24,1.683
15,Z015E0046,13.49,1.683
15,Z015E0047,14.24,2.037
15,Z015E0048,14.73,1.683
15,Z015E0049,14.73,1.683
15,Z015E0050,11.82,2.02
15,Z015E0052,11.24,1.683
15,Z015E0053,11.98,1.683
15,Z015E0054,12.73,1.683
15,Z015E0055,10.98,1.683
15,Z015E0056,14.82,1.662
15,Z015E0057,11.49,1.683
15,Z015E0058,15.24,1.683
15,Z015E0059,13.49,1.683
15,Z015E0060,14.49,1.683
15,Z015E0061,13.98,2.037
15,Z015E0062,11.98,1.683
15,Z015E0063,12.49,1.683
15,Z015E0064,12.82,1.662
15,Z015E0065,13.98,1.683
15,Z015E0066,10.49,1.683
15,Z015E0067,12.49,1.683
15,Z015E0068,13.24,1.683
15,Z015E0069,14.24,1.683
15,Z015E0070,14.24,1.683
15,Z015E0071,11.24,1.683
15,Z015E0072,12.98,1.683
15,Z015E0073,14.73,1.683
15,Z015E0074,15.24,1.683
15,Z015E0075,12.82,1.662
15,Z015E0076,15.49,1.683
15,Z015E0077,15.98,1.683
15,Z015E0078,13.98,1.683
15,Z015E0079,12.49,1.683
15,Z015E0080,11.73,1.683
15,Z015E0081,10.24,1.683
15,Z015E0082,15.73,1.683
15,Z015E0083,13.73,1.683
15,Z015E0084,13.98,1.683
15,Z015E0085,14.82,1.662
15,Z015E0088,13.49,1.683
15,Z015E0089,13.73,1.683
15,Z015E0090,13.73,1.683
15,Z015E0091,14.49,1.683
15,Z015E0092,16.24,1.683
15,Z015E0093,13.73,1.683
15,Z015E0094,10.24,1.683
15,Z015E0095,11.82,1.662
15,Z015E0096,15.49,1.683
15,Z015E0097,12.49,1.683
15,Z015E0099,11.98,1.683
15,Z015E0100,13.73,1.683
15,Z015E0101,11.49,1.683
15,Z015E0102,13.98,1.683
15,Z015E0103,12.82,1.662
15,Z015E0104,14.73,1.683
15,Z015E0105,13.24,1.683
15,Z015E0106,13.49,1.683
15,Z015E0107,13.73,1.683
15,Z015E0109,12.24,1.683
15,Z015E0110,8.235,1.683
15,Z015E0111,12.82,1.662
15,Z015E0113,15.82,1.662
15,Z015E0114,9.985,1.683
15,Z015E0116,11.73,1.683
15,Z015E0118,13.73,1.683
15,Z015E0119,12.73,1.683
15,Z015E0120,13.82,1.662
15,Z015E0123,13.24,1.683
15,Z015E0124,13.82,1.662
15,Z015E0125,13.49,1.683
15,Z015E0126,13.24,1.683
15,Z015E0127,8.985,1.683
15,Z015E0128,13.73,1.683
15,Z015E0129,13.98,1.683
15,Z015E0130,15.24,1.683
15,Z015E0131,12.98,1.683
15,Z015E0132,14.98,1.683
15,Z015E0133,15.24,1.683
15,Z015E0134,14.24,1.683
15,Z015E0135,10.24,2.037
15,Z015E0136,13.24,1.683
15,Z015E0137,13.98,1.683
15,Z015E0138,12.82,1.662
15,Z015E0139,13.98,1.683
15,Z015E0140,12.24,1.683
15,Z015E0141,14.24,1.683
15,Z015E0142,13.73,1.683
15,Z015E0143,12.24,1.683
15,Z015E0144,11.73,1.683
15,Z015E0145,14.24,1.683
15,Z015E0146,12.73,1.683
15,Z015E0147,12.24,1.683
15,Z015E0148,10.73,1.683
15,Z015E0149,12.49,1.683
15,Z015E0150,13.82,1.662
15,Z015E0151,16.24,1.683
15,Z015E0152,15.24,1.683
15,Z015E0153,13.24,1.683
15,Z015E0154,14.49,1.683
15,Z015E0155,10.98,1.683
15,Z015E0156,13.24,1.683
15,Z015E0157,13.24,1.683
15,Z015E0158,10.98,1.683
15,Z015E0159,11.73,1.683
15,Z015E0160,11.73,1.683
15,Z015E0161,12.98,1.683
15,Z015E0162,13.73,1.683
15,Z015E0163,9.734,1.683
15,Z015E0164,15.49,1.683
15,Z015E0165,14.24,1.683
15,Z015E0166,13.49,1.683
15,Z015E0167,14.49,1.683
15,Z015E0168,11.24,1.683
15,Z015E0169,13.24,1.683
15,Z015E0170,10.73,1.683
15,Z015E0171,14.24,1.683
15,Z015E0172,13.49,1.683
15,Z015E0173,14.73,1.683
15,Z015E0174,13.73,1.683
15,Z015E0175,15.98,1.683
15,Z015E0176,13.49,1.683
15,Z015E0177,12.73,1.683
15,Z015E0178,12.49,1.683
15,Z015E0179,13.24,1.683
15,Z015E0180,13.73,1.683
15,Z015E0181,11.73,1.683
15,Z015E0182,14.24,2.037
15,Z015E0183,13.49,1.683
15,Z015E0185,16.49,1.683
15,Z015E0186,11.98,2.037
15,Z015E0187,11.24,1.683
15,Z015E0188,14.24,1.683
15,Z015E0189,12.73,1.683
15,Z015E0190,14.82,1.662
15,Z015E0191,14.73,1.683
15,Z015E0192,12.98,1.683
15,Z015E0193,11.73,1.683
15,Z015E0194,12.24,1.683
15,Z015E0195,12.49,1.683
15,Z015E0196,10.73,1.683
15,Z015E0197,12.73,1.683
15,Z015E0198,11.98,1.683
15,Z015E0199,11.98,1.683
15,Z015E0200,11.73,1.683
15,Z015E0203,16.98,1.683
15,Z015E0230,12.98,1.683
15,Z015E0232,14.24,1.683
15,Z015E0235,13.98,1.683
15,Z015E0237,12.49,1.683
15,Z015E0238,13.82,1.662
15,Z015E0242,12.24,2.037
15,Z015E0243,11.98,1.683
15,Z015ESBreplace1,11.49,1.683
16,Z016E0001,13.7,1.62
16,Z016E0002,12,1.619
16,Z016E0004,16,1.683
16,Z016E0006,12.57,1.61
16,Z016E0008,14,1.619
16,Z016E0009,13.57,1.61
16,Z016E0010,12.11,1.599
16,Z016E0012,12.3,1.155
16,Z016E0014,12.01,1.638
16,Z016E0015,12.94,1.675
16,Z016E0016,12.11,1.599
16,Z016E0017,15.47,1.943
16,Z016E0018,12.31,1.708
16,Z016E0019,12.01,1.638
16,Z016E0020,13.57,1.61
16,Z016E0021,14.01,1.957
16,Z016E0022,15.94,1.675
16,Z016E0025,14.57,1.61
16,Z016E0026,14.23,1.258
16,Z016E0027,17.94,1.675
16,Z016E0028,15.66,1.634
16,Z016E0029,12.01,1.638
16,Z016E0031,16.57,1.61
16,Z016E0032,12.7,1.62
16,Z016E0033,13,1.619
16,Z016E0034,15.11,1.599
16,Z016E0035,13.51,1.169
16,Z016E0036,14,1.941
16,Z016E0037,15.47,1.943
16,Z016E0039,11.66,1.634
16,Z016E0040,13.57,1.61
16,Z016E0041,14.11,1.924
16,Z016E0043,13,1.619
16,Z016E0044,15.01,1.638
16,Z016E0045,13,1.619
16,Z016E0046,12.34,1.159
16,Z016E0049,14,1.619
16,Z016E0050,12.31,2.015
16,Z016E0051,15.94,1.675
16,Z016E0053,15.11,1.599
16,Z016E0055,13.22,1.155
16,Z016E0056,11.7,1.62
16,Z016E0058,12.94,1.675
16,Z016E0059,12,1.683
16,Z016E0060,13,1.619
16,Z016E0061,13.66,1.634
16,Z016E0062,11.66,1.953
16,Z016E0063,13.57,1.61
16,Z016E0064,14,1.941
16,Z016E0065,12.99,1.169
16,Z016E0066,11.55,1.156
16,Z016E0067,15.62,1.182
16,Z016E0069,13.96,1.274
16,Z016E0070,14,1.995
16,Z016E0072,14.79,1.159
16,Z016E0073,13.59,1.163
16,Z016E0074,17,1.619
16,Z016E0075,12.57,1.61
16,Z016E0077,13,1.619
16,Z016E0078,17.66,1.634
16,Z016E0079,16,1.683
16,Z016E0082,11.43,1.156
16,Z016E0083,18,1.941
16,Z016E0084,9.699,1.62
16,Z016E0085,13.57,1.933
16,Z016E0086,14,1.995
16,Z016E0087,12.35,1.639
16,Z016E0088,13.53,1.161
16,Z016E0089,13.31,1.708
16,Z016E0091,17.31,1.708
16,Z016E0093,12.01,1.638
16,Z016E0094,13.27,1.159
16,Z016E0095,15.92,1.257
16,Z016E0098,15.47,1.943
16,Z016E0099,13.11,1.599
16,Z016E0100,16.19,1.155
16,Z016E0102,14.12,1.15
16,Z016E0103,11.94,1.988
16,Z016E0104,12.66,1.634
16,Z016E0106,10.66,1.634
16,Z016E0107,8.313,2.015
16,Z016E0108,15.55,1.163
16,Z016E0109,15,1.619
16,Z016E0110,15.7,1.62
16,Z016E0111,13.7,1.941
16,Z016E0112,14.11,1.599
16,Z016E0115,15,1.619
16,Z016E0116,14.31,2.015
16,Z016E0117,12.11,1.924
16,Z016E0118,10.61,1.254
16,Z016E0119,15.01,1.638
16,Z016E0120,14.66,1.634
16,Z016E0121,9.996,1.995
16,Z016E0122,11.47,1.621
16,Z016E0123,14.25,1.257
16,Z016E0125,14.47,1.621
16,Z016E0126,14.94,1.675
16,Z016E0127,14,1.941
16,Z016E0129,12.7,1.62
16,Z016E0130,14,1.941
16,Z016E0131,18.31,2.015
16,Z016E0132,17.13,1.633
16,Z016E0133,13.84,1.155
16,Z016E0134,11.5,1.255
16,Z016E0135,14.94,1.675
16,Z016E0136,12.66,1.634
16,Z016E0137,12.01,1.638
16,Z016E0138,17.14,1.182
16,Z016E0139,16.94,1.675
16,Z016E0141,12.31,2.015
16,Z016E0142,11.57,1.61
16,Z016E0143,14.11,1.599
16,Z016E0145,14.01,1.957
16,Z016E0147,17.66,1.634
16,Z016E0148,12.31,2.015
16,Z016E0149,13.57,1.933
16,Z016E0150,15.99,1.169
16,Z016E0151,14.4,1.162
16,Z016E0152,17.11,1.599
16,Z016E0153,11.94,1.988
16,Z016E0154,15.01,1.638
16,Z016E0155,13.57,1.61
16,Z016E0156,13.47,1.943
16,Z016E0157,9.996,1.683
16,Z016E0158,14.31,1.266
16,Z016E0160,10.57,1.61
16,Z016E0161,16.35,1.639
16,Z016E0162,16.94,1.675
16,Z016E0163,13.7,1.62
16,Z016E0164,11.94,1.675
16,Z016E0165,12.7,1.62
16,Z016E0168,16.7,1.62
16,Z016E0169,14.98,1.161
16,Z016E0170,13.09,1.15
16,Z016E0171,14,1.619
16,Z016E0172,11.7,1.62
16,Z016E0173,14.7,1.62
16,Z016E0174,14.01,1.957
16,Z016E0175,13.01,1.161
16,Z016E0176,12.31,2.015
16,Z016E0177,12.57,1.61
16,Z016E0178,12.94,1.675
16,Z016E0180,3.469,1.943
16,Z016E0181,13.94,1.156
16,Z016E0182,12.01,1.957
16,Z016E0183,12.7,1.62
16,Z016E0184,14.11,1.924
16,Z016E0186,15.66,1.634
16,Z016E0187,13.4,1.258
16,Z016E0188,11,1.683
16,Z016E0189,12.94,1.675
16,Z016E0190,13.31,1.708
16,Z016E0191,13.35,1.639
16,Z016E0192,15.66,1.634
16,Z016E0193,13.66,1.953
16,Z016E0194,12.12,1.252
16,Z016E0195,12.57,1.61
16,Z016E0196,14.36,1.155
16,Z016E0197,13,1.683
16,Z016E0198,16.35,1.639
16,Z016E0199,13.11,1.599
16,Z016E0200,13.66,1.634
16,Z016E0213,12.94,1.675
16,Z016E0220,12.94,1.675
16,Z016E0238,13.01,1.638
16,Z016E0251,13.7,1.62
16,Z016E0254,11.84,1.155
16,Z016ESBreplace1,15.94,1.988
18,Z018E0001,13.4,1.618
18,Z018E0003,16.94,1.607
18,Z018E0004,13.75,1.669
18,Z018E0006,13.59,1.936
18,Z018E0007,10.02,2.012
18,Z018E0008,13.59,1.613
18,Z018E0009,14.54,1.265
18,Z018E0010,16.02,1.704
18,Z018E0011,13.44,1.268
18,Z018E0012,12.94,1.607
18,Z018E0013,13.94,1.607
18,Z018E0015,13.94,1.607
18,Z018E0016,15.16,1.643
18,Z018E0017,15.22,1.154
18,Z018E0018,18.9,1.627
18,Z018E0019,13.4,1.94
18,Z018E0020,15.9,1.948
18,Z018E0021,16.67,1.264
18,Z018E0022,12.8,1.262
18,Z018E0023,14.59,1.613
18,Z018E0024,13.41,1.628
18,Z018E0025,14.94,1.607
18,Z018E0026,17.02,1.704
18,Z018E0027,17.59,1.613
18,Z018E0028,16.9,1.627
18,Z018E0029,11.4,1.618
18,Z018E0030,16.04,1.65
18,Z018E0031,11.94,1.607
18,Z018E0032,14.59,1.613
18,Z018E0033,14.75,1.669
18,Z018E0034,15.4,1.94
18,Z018E0035,17.02,1.704
18,Z018E0036,13.94,1.607
18,Z018E0038,18.59,1.613
18,Z018E0039,18.9,1.627
18,Z018E0040,13.91,1.948
18,Z018E0041,13.59,1.963
18,Z018E0042,15.04,1.65
18,Z018E0043,14.04,1.966
18,Z018E0045,13.9,1.627
18,Z018E0047,14.94,1.607
18,Z018E0049,16.04,1.65
18,Z018E0050,15.4,1.618
18,Z018E0052,14.38,1.159
18,Z018E0053,11.75,1.983
18,Z018E0054,16.68,1.166
18,Z018E0055,16.6,1.159
18,Z018E0057,11.59,1.963
18,Z018E0058,15.9,1.627
18,Z018E0059,16.4,1.618
18,Z018E0060,16.45,1.644
18,Z018E0061,12.4,1.618
18,Z018E0063,12.02,1.704
18,Z018E0064,14.45,1.644
18,Z018E0065,18.75,1.669
18,Z018E0066,14.9,1.627
18,Z018E0067,13.9,1.948
18,Z018E0068,14.22,1.262
18,Z018E0070,12.98,1.159
18,Z018E0071,15.91,1.948
18,Z018E0072,14.09,1.261
18,Z018E0073,15.75,1.669
18,Z018E0074,10.75,1.669
18,Z018E0075,15.59,1.613
18,Z018E0076,15.04,1.65
18,Z018E0077,13.91,1.628
18,Z018E0078,19.32,1.16
18,Z018E0079,11.9,1.948
18,Z018E0080,16.94,1.931
18,Z018E0081,14.59,1.613
18,Z018E0082,17.59,1.613
18,Z018E0083,13.59,1.646
18,Z018E0084,13.72,1.166
18,Z018E0085,14.59,1.613
18,Z018E0086,15.14,1.169
18,Z018E0087,14.91,1.628
18,Z018E0088,16.02,2.012
18,Z018E0089,11.59,1.936
18,Z018E0090,14.94,1.607
18,Z018E0091,17.04,1.65
18,Z018E0092,13.9,1.627
18,Z018E0093,14.02,1.704
18,Z018E0094,13.59,1.646
18,Z018E0095,15.59,1.613
18,Z018E0096,14.38,1.168
18,Z018E0097,15.59,1.936
18,Z018E0098,13.4,1.618
18,Z018E0100,14.59,1.646
18,Z018E0101,14.59,1.613
18,Z018E0102,12.91,1.628
18,Z018E0103,16.16,1.643
18,Z018E0105,15.45,1.644
18,Z018E0106,14.9,1.159
18,Z018E0107,14.4,1.618
18,Z018E0108,15.91,1.948
18,Z018E0109,13.59,1.936
18,Z018E0111,19.09,1.191
18,Z018E0112,17.9,1.948
18,Z018E0113,13.91,1.628
18,Z018E0114,14.59,1.613
18,Z018E0115,16.04,1.65
18,Z018E0116,14.34,1.259
18,Z018E0118,16.02,2.012
18,Z018E0119,16.04,1.65
18,Z018E0120,17.91,1.948
18,Z018E0121,11.91,1.628
18,Z018E0122,12.53,1.264
18,Z018E0124,12.59,1.613
18,Z018E0125,16.75,1.669
18,Z018E0126,13.59,1.963
18,Z018E0127,14.91,1.628
18,Z018E0128,13.73,1.16
18,Z018E0130,13.4,1.618
18,Z018E0131,16.05,1.259
18,Z018E0132,14.59,1.646
18,Z018E0133,13.16,1.643
18,Z018E0134,13.91,1.628
18,Z018E0135,17.04,1.65
18,Z018E0136,18.02,2.012
18,Z018E0138,16.75,1.669
18,Z018E0140,13.4,1.618
18,Z018E0142,13.91,1.948
18,Z018E0143,15.59,1.936
18,Z018E0145,15.97,1.158
18,Z018E0146,13.9,1.627
18,Z018E0147,13.94,1.607
18,Z018E0148,15.38,1.157
18,Z018E0149,16.04,1.65
18,Z018E0150,14.91,1.628
18,Z018E0151,15.59,1.646
18,Z018E0152,16.59,1.613
18,Z018E0154,15.04,1.65
18,Z018E0155,13.75,1.669
18,Z018E0158,13.94,1.607
18,Z018E0159,15.75,1.669
18,Z018E0160,14.75,1.669
18,Z018E0161,14.59,1.613
18,Z018E0162,14.04,1.65
18,Z018E0163,18.59,1.613
18,Z018E0164,17.75,1.669
18,Z018E0165,15.75,1.669
18,Z018E0166,11.16,2.004
18,Z018E0167,13.59,1.613
18,Z018E0168,14.4,1.618
18,Z018E0169,13.59,1.963
18,Z018E0170,11.59,1.646
18,Z018E0171,12.59,1.963
18,Z018E0172,17.64,1.177
18,Z018E0173,18.91,1.628
18,Z018E0174,12.04,1.65
18,Z018E0176,17.4,1.618
18,Z018E0177,13.59,1.613
18,Z018E0178,14.9,1.627
18,Z018E0179,14.24,1.173
18,Z018E0181,14.04,1.966
18,Z018E0183,15.4,1.618
18,Z018E0185,15.65,1.263
18,Z018E0186,14.94,1.607
18,Z018E0187,14.4,1.618
18,Z018E0189,16.08,1.159
18,Z018E0190,14.45,1.644
18,Z018E0191,14.94,1.607
18,Z018E0192,12.9,1.627
18,Z018E0195,13.59,1.613
18,Z018E0196,13.59,1.613
18,Z018E0197,17.59,1.613
18,Z018E0198,10.75,1.669
18,Z018E0199,15.59,1.936
18,Z018E0200,14.67,1.262
18,Z018E0220,16.04,1.966
18,Z018E0223,16.4,1.618
18,Z018E0228,15.11,1.16
19,Z019E0009,14.71,1.696
19,Z019E0014,16.71,1.696
19,Z019E0017,15.71,1.696
19,Z019E0020,14.71,1.696
19,Z019E0025,13.71,1.696
19,Z019E0026,13.71,1.696
19,Z019E0028,17.71,1.696
19,Z019E0033,16.71,1.696
19,Z019E0035,13.71,1.696
19,Z019E0038,13.71,1.696
19,Z019E0041,13.71,1.696
19,Z019E0056,13.71,1.696
19,Z019E0057,13.71,1.696
19,Z019E0060,16.71,1.696
19,Z019E0064,16.71,1.696
19,Z019E0065,14.71,1.696
19,Z019E0066,15.71,1.696
19,Z019E0069,19.71,1.696
19,Z019E0078,15.71,1.696
19,Z019E0080,14.71,1.696
19,Z019E0090,13.71,1.696
19,Z019E0098,13.71,1.696
19,Z019E0100,15.71,2.047
19,Z019E0105,11.71,1.696
19,Z019E0113,17.71,1.696
19,Z019E0138,19.71,1.696
19,Z019E0143,13.71,1.696
19,Z019E0145,15.71,1.696
19,Z019E0149,15.71,1.696
19,Z019E0152,14.71,1.696
19,Z019E0168,12.71,1.696
19,Z019E0171,13.71,1.696
19,Z019E0172,17.71,1.696
19,Z019E0176,12.71,1.696
19,Z019E0178,12.71,1.696
19,Z019E0183,13.71,1.696
19,Z019E0184,12.71,1.696
19,Z019E0187,18.71,1.696
19,Z019E0197,17.71,1.696
19,Z019E0198,16.71,1.696
21,Z021E0001,12.95,1.683
21,Z021E0002,15.95,1.683
21,Z021E0003,14.7,1.683
21,Z021E0004,11.95,1.683
21,Z021E0005,11.7,1.683
21,Z021E0006,14.7,1.683
21,Z021E0007,10.7,1.683
21,Z021E0008,17.7,1.683
21,Z021E0009,9.447,1.683
21,Z021E0010,12.7,1.683
21,Z021E0011,13.45,1.683
21,Z021E0012,14.95,1.683
21,Z021E0013,14.95,1.683
21,Z021E0014,12.7,1.683
21,Z021E0015,11.45,1.683
21,Z021E0016,14.2,1.683
21,Z021E0017,11.7,1.683
21,Z021E0019,11.45,1.683
21,Z021E0020,12.7,1.683
21,Z021E0022,12.95,1.683
21,Z021E0023,16.95,1.683
21,Z021E0024,14.45,1.683
21,Z021E0025,11.95,1.683
21,Z021E0026,13.2,1.683
21,Z021E0027,10.2,1.683
21,Z021E0028,16.7,1.683
21,Z021E0029,12.7,2.037
21,Z021E0030,12.7,1.683
21,Z021E0031,12.7,1.683
21,Z021E0032,14.95,1.683
21,Z021E0033,11.45,1.683
21,Z021E0034,11.95,1.683
21,Z021E0035,11.2,1.683
21,Z021E0036,16.45,1.683
21,Z021E0037,12.7,1.683
21,Z021E0038,15.95,1.683
21,Z021E0039,13.7,1.683
21,Z021E0040,13.45,1.683
21,Z021E0041,15.7,2.037
21,Z021E0042,11.2,1.683
21,Z021E0043,14.45,1.683
21,Z021E0044,16.2,1.683
21,Z021E0045,10.95,1.683
21,Z021E0046,13.7,1.683
21,Z021E0047,12.45,1.683
21,Z021E0048,13.7,1.683
21,Z021E0049,14.7,1.683
21,Z021E0050,11.45,1.683
21,Z021E0051,11.7,1.683
21,Z021E0052,16.45,1.683
21,Z021E0053,12.7,1.683
21,Z021E0054,14.7,1.683
21,Z021E0055,12.2,1.683
21,Z021E0056,12.2,1.683
21,Z021E0057,15.7,1.683
21,Z021E0058,12.95,1.683
21,Z021E0059,13.7,1.683
21,Z021E0060,16.7,1.683
21,Z021E0061,17.7,1.683
21,Z021E0062,12.95,1.683
21,Z021E0063,17.45,2.037
21,Z021E0064,13.7,1.683
21,Z021E0065,13.7,1.683
21,Z021E0066,12.7,1.683
21,Z021E0067,11.7,1.683
21,Z021E0069,14.7,1.683
21,Z021E0070,14.7,1.683
21,Z021E0071,15.45,1.683
21,Z021E0072,13.7,1.683
21,Z021E0073,14.45,1.683
21,Z021E0074,12.7,1.683
21,Z021E0075,12.7,1.683
21,Z021E0076,11.7,1.683
21,Z021E0077,13.7,1.683
21,Z021E0078,11.95,1.683
21,Z021E0079,12.7,1.683
21,Z021E0080,11.7,1.683
21,Z021E0081,14.2,1.683
21,Z021E0082,11.95,1.683
21,Z021E0083,15.45,1.683
21,Z021E0084,15.45,1.683
21,Z021E0085,12.2,1.683
21,Z021E0086,14.95,1.683
21,Z021E0087,13.95,1.683
21,Z021E0088,11.7,1.683
21,Z021E0089,12.7,1.683
21,Z021E0090,14.95,1.683
21,Z021E0091,13.7,1.683
21,Z021E0092,13.95,2.037
21,Z021E0093,16.7,1.683
21,Z021E0094,14.7,1.683
21,Z021E0096,12.7,1.683
21,Z021E0097,12.7,1.683
21,Z021E0098,18.7,1.683
21,Z021E0099,13.95,1.683
21,Z021E0100,14.7,1.683
21,Z021E0101,14.7,1.683
21,Z021E0102,11.2,1.683
21,Z021E0103,14.2,1.683
21,Z021E0104,15.7,1.683
21,Z021E0105,14.7,1.683
21,Z021E0106,12.2,1.683
21,Z021E0107,13.95,2.037
21,Z021E0108,15.95,1.683
21,Z021E0109,11.45,1.683
21,Z021E0110,12.45,1.683
21,Z021E0111,12.7,1.683
21,Z021E0112,13.7,1.683
21,Z021E0113,15.7,1.683
21,Z021E0114,15.7,1.683
21,Z021E0115,16.7,1.683
21,Z021E0116,11.7,1.683
21,Z021E0117,13.2,1.683
21,Z021E0118,18.7,1.683
21,Z021E0119,14.45,1.683
21,Z021E0120,10.7,1.683
21,Z021E0121,12.7,1.683
21,Z021E0122,14.45,1.683
21,Z021E0123,14.45,1.683
21,Z021E0124,12.95,1.683
21,Z021E0125,15.7,1.683
21,Z021E0126,13.45,1.683
21,Z021E0127,15.7,1.683
21,Z021E0128,14.7,1.683
21,Z021E0129,14.7,1.683
21,Z021E0130,15.7,1.683
21,Z021E0131,12.45,1.683
21,Z021E0133,17.7,1.683
21,Z021E0134,15.7,1.683
21,Z021E0135,14.7,1.683
21,Z021E0136,13.95,1.683
21,Z021E0137,15.7,1.683
21,Z021E0138,13.2,1.683
21,Z021E0139,12.45,2.037
21,Z021E0140,10.2,1.683
21,Z021E0141,13.7,1.683
21,Z021E0144,16.7,1.683
21,Z021E0145,15.95,2.037
21,Z021E0146,16.2,1.683
21,Z021E0147,11.7,1.683
21,Z021E0148,13.95,2.037
21,Z021E0149,13.95,1.683
21,Z021E0150,16.7,1.683
21,Z021E0151,10.45,1.683
21,Z021E0152,15.45,1.683
21,Z021E0153,11.7,1.683
21,Z021E0154,13.7,1.683
21,Z021E0155,16.7,1.683
21,Z021E0156,14.95,1.683
21,Z021E0157,13.95,1.683
21,Z021E0158,12.7,1.683
21,Z021E0159,13.45,1.683
21,Z021E0160,13.95,1.683
21,Z021E0161,15.7,1.683
21,Z021E0162,14.7,1.683
21,Z021E0163,11.45,1.683
21,Z021E0166,10.7,1.683
21,Z021E0167,15.7,1.683
21,Z021E0168,12.7,1.683
21,Z021E0169,12.7,1.683
21,Z021E0170,17.95,1.683
21,Z021E0172,13.45,1.683
21,Z021E0173,12.7,1.683
21,Z021E0174,14.45,1.683
21,Z021E0175,14.95,1.683
21,Z021E0176,11.7,1.683
21,Z021E0177,12.45,1.683
21,Z021E0178,14.7,1.683
21,Z021E0179,15.45,1.683
21,Z021E0180,13.7,1.683
21,Z021E0181,14.45,1.683
21,Z021E0182,12.95,1.683
21,Z021E0183,14.7,1.683
21,Z021E0184,15.95,1.683
21,Z021E0185,11.7,2.037
21,Z021E0187,13.45,1.683
21,Z021E0188,13.2,1.683
21,Z021E0189,14.45,1.683
21,Z021E0190,22.2,1.683
21,Z021E0191,12.7,1.683
21,Z021E0192,11.7,1.683
21,Z021E0193,12.7,1.683
21,Z021E0194,17.95,1.683
21,Z021E0195,12.7,1.683
21,Z021E0196,13.7,1.683
21,Z021E0197,15.7,1.683
21,Z021E0198,12.95,1.683
21,Z021E0199,13.7,1.683
21,Z021E0200,13.95,1.683
21,Z021E0205,16.45,1.683
21,Z021E0216,12.2,1.683
21,Z021E0235,17.7,2.037
21,Z021E0239,13.95,1.683
21,Z021E0241,11.7,1.683
21,Z021ESBreplace1,16.2,1.683
21,Z021ESBreplace2,15.95,1.683
21,Z021ESBreplace3,14.45,1.683
21,Z021ESBreplace4,15.7,1.683
22,Z022E0018,17.38,1.712
22,Z022E0030,20.38,2.061
22,Z022E0032,14.38,1.712
22,Z022E0043,11.38,1.712
22,Z022E0052,13.38,1.712
22,Z022E0054,15.38,1.712
22,Z022E0061,11.38,1.712
22,Z022E0069,12.38,2.061
22,Z022E0073,16.38,1.712
22,Z022E0077,17.38,1.712
22,Z022E0078,16.38,2.061
22,Z022E0079,16.38,1.712
22,Z022E0080,13.38,1.712
22,Z022E0083,14.38,1.712
22,Z022E0089,15.38,1.712
22,Z022E0101,15.38,1.712
22,Z022E0138,14.38,2.061
22,Z022E0142,13.38,1.712
22,Z022E0145,14.38,1.712
22,Z022E0147,11.38,1.712
22,Z022E0149,15.38,1.712
22,Z022E0168,13.38,2.061
22,Z022E0169,15.38,1.712
22,Z022E0178,14.38,1.712
22,Z022E0181,15.38,2.061
22,Z022E0184,12.38,1.712
22,Z022E0186,18.38,1.712
22,Z022E0190,15.38,1.712
22,Z022E0193,12.38,1.712
22,Z022E0196,15.38,1.712
22,Z022E0197,13.38,1.712
22,Z022E0198,15.38,2.061
22,Z022E0215,14.38,2.061
24,Z024E0001,16.28,1.947
24,Z024E0002,12.89,1.16
24,Z024E0004,14.14,1.625
24,Z024E0005,14.76,1.639
24,Z024E0006,15.76,1.957
24,Z024E0008,11.96,1.973
24,Z024E0009,16.57,1.618
24,Z024E0010,13.56,1.944
24,Z024E0011,15.76,1.639
24,Z024E0014,16.41,1.613
24,Z024E0016,12.7,1.163
24,Z024E0017,12.14,1.625
24,Z024E0019,14.57,1.618
24,Z024E0020,15.56,1.622
24,Z024E0021,13.1,1.933
24,Z024E0023,11.48,1.639
24,Z024E0024,14.41,1.613
24,Z024E0025,14.14,1.625
24,Z024E0027,18.67,1.963
24,Z024E0028,13.14,1.625
24,Z024E0029,11.96,1.973
24,Z024E0030,15.1,1.61
24,Z024E0031,14.57,1.618
24,Z024E0032,14.14,1.946
24,Z024E0033,11.48,1.958
24,Z024E0035,15.76,1.957
24,Z024E0036,13.56,1.944
24,Z024E0037,15.56,1.622
24,Z024E0038,14.14,1.625
24,Z024E0039,12.28,1.626
24,Z024E0040,12.48,1.639
24,Z024E0042,11.56,1.622
24,Z024E0043,10.67,1.963
24,Z024E0044,19.48,1.958
24,Z024E0045,13.56,1.622
24,Z024E0046,14.57,1.618
24,Z024E0047,11.48,1.153
24,Z024E0048,13.72,1.256
24,Z024E0049,16.67,1.646
24,Z024E0050,10.96,1.658
24,Z024E0051,12.67,1.963
24,Z024E0053,15.56,1.944
24,Z024E0054,15.1,1.61
24,Z024E0056,11.39,1.159
24,Z024E0057,14.67,1.646
24,Z024E0058,14.98,1.247
24,Z024E0060,17.03,1.256
24,Z024E0062,12.28,1.947
24,Z024E0063,14.19,1.152
24,Z024E0068,11.96,1.973
24,Z024E0069,14.41,1.613
24,Z024E0070,13.56,1.944
24,Z024E0071,14.14,1.625
24,Z024E0072,14.76,1.639
24,Z024E0073,13.67,1.646
24,Z024E0074,12.57,1.618
24,Z024E0075,14.68,1.26
24,Z024E0076,15.14,1.625
24,Z024E0077,15.76,1.957
24,Z024E0078,14.28,1.626
24,Z024E0079,11.96,1.658
24,Z024E0080,15.07,1.389
24,Z024E0081,14.67,1.646
24,Z024E0082,16.28,1.947
24,Z024E0083,14.28,1.626
24,Z024E0084,15.76,1.957
24,Z024E0086,11.56,1.944
24,Z024E0087,11.1,1.61
24,Z024E0088,12.14,1.625
24,Z024E0089,14.76,1.639
24,Z024E0090,17.57,1.618
24,Z024E0091,14.57,1.618
24,Z024E0092,11.48,1.639
24,Z024E0093,11.41,1.936
24,Z024E0094,11.96,1.658
24,Z024E0096,14.1,1.61
24,Z024E0097,12.55,1.638
24,Z024E0100,13.96,1.973
24,Z024E0102,12.28,1.947
24,Z024E0103,12.14,1.625
24,Z024E0105,17.24,1.622
24,Z024E0106,14.67,1.963
24,Z024E0107,12.41,1.613
24,Z024E0108,14.28,1.947
24,Z024E0109,15.76,1.957
24,Z024E0110,11.76,1.957
24,Z024E0113,15.67,1.646
24,Z024E0114,12.28,1.626
24,Z024E0115,13.41,1.613
24,Z024E0116,16.67,1.646
24,Z024E0117,13.48,1.958
24,Z024E0118,17.48,1.639
24,Z024E0119,16.57,1.618
24,Z024E0120,14.41,1.613
24,Z024E0121,12.41,1.613
24,Z024E0122,15.02,1.255
24,Z024E0123,8.14,1.946
24,Z024E0124,13.1,1.61
24,Z024E0125,13.41,1.936
24,Z024E0126,13.1,1.933
24,Z024E0127,12.28,1.626
24,Z024E0128,11.76,1.957
24,Z024E0129,16.57,1.618
24,Z024E0130,11.56,1.944
24,Z024E0131,11.92,1.253
24,Z024E0132,16.4,1.158
24,Z024E0133,14.67,1.963
24,Z024E0134,12.55,1.999
24,Z024E0136,15.39,1.155
24,Z024E0137,15.28,1.626
24,Z024E0138,12.48,1.639
24,Z024E0139,9.14,1.625
24,Z024E0141,15.97,1.256
24,Z024E0145,11.76,1.639
24,Z024E0146,11.46,1.399
24,Z024E0147,14.67,1.646
24,Z024E0152,16.1,1.61
24,Z024E0156,13.56,1.944
24,Z024E0157,12.48,1.639
24,Z024E0158,14.48,1.639
24,Z024E0159,16.1,1.61
24,Z024E0160,14.2,1.258
24,Z024E0161,11.56,1.944
24,Z024E0163,12.48,1.639
24,Z024E0165,16.57,1.618
24,Z024E0167,13.1,1.61
24,Z024E0168,16.56,1.622
24,Z024E0170,14.96,1.658
24,Z024E0172,11.76,1.639
24,Z024E0180,12.76,1.639
24,Z024E0182,14.28,1.155
24,Z024E0183,16.56,1.261
24,Z024E0187,13.16,1.389
24,Z024E0188,12.67,1.646
24,Z024E0189,15.96,1.973
24,Z024E0191,14.57,1.94
24,Z024E0193,13.96,1.658
24,Z024E0195,15.46,1.251
24,Z024E0196,15.41,1.936
24,Z024E0198,15.96,1.973
24,Z024E0199,12.1,1.61
24,Z024E0200,9.964,1.973
24,Z024E0203,16.28,1.947
24,Z024E0205,13.1,1.61
24,Z024E0212,14.28,1.947
25,Z025E0001,13.17,1.696
25,Z025E0006,14.92,1.696
25,Z025E0007,11.92,1.696
25,Z025E0015,14.17,1.696
25,Z025E0018,12.92,1.696
25,Z025E0019,14.17,1.696
25,Z025E0021,12.92,1.696
25,Z025E0024,16.92,1.696
25,Z025E0026,13.17,1.696
25,Z025E0027,10.92,1.696
25,Z025E0034,11.92,1.696
25,Z025E0036,13.17,1.696
25,Z025E0037,14.17,1.696
25,Z025E0039,14.92,1.696
25,Z025E0044,12.17,1.696
25,Z025E0058,9.923,1.696
25,Z025E0065,15.17,1.696
25,Z025E0070,14.92,1.696
25,Z025E0077,14.92,1.696
25,Z025E0085,11.92,1.696
25,Z025E0088,16.17,1.696
25,Z025E0090,11.92,1.696
25,Z025E0104,11.17,1.696
25,Z025E0115,15.92,1.696
25,Z025E0117,14.17,1.696
25,Z025E0119,10.92,1.696
25,Z025E0123,13.92,1.696
25,Z025E0128,14.92,1.696
25,Z025E0129,12.17,1.696
25,Z025E0131,16.17,1.696
25,Z025E0152,11.92,1.696
25,Z025E0153,13.17,1.696
25,Z025E0156,14.17,1.696
25,Z025E0157,13.17,1.696
25,Z025E0158,12.17,2.047
25,Z025E0166,16.17,1.696
25,Z025E0184,17.17,1.696
25,Z025E0193,13.92,2.047
25,Z025E0226,14.42,1.696
25,Z025E0238,15.17,1.696
26,Z026E0011,12.71,1.712
26,Z026E0017,12.38,1.712
26,Z026E0025,13.71,1.712
26,Z026E0028,11.71,1.712
26,Z026E0035,17.38,2.061
26,Z026E0037,12.38,1.712
26,Z026E0040,11.71,1.712
26,Z026E0059,13.38,1.712
26,Z026E0062,14.71,1.712
26,Z026E0066,11.71,1.712
26,Z026E0077,12.38,1.712
26,Z026E0078,13.38,1.712
26,Z026E0080,13.38,2.061
26,Z026E0084,11.38,2.061
26,Z026E0085,9.38,1.712
26,Z026E0087,14.71,1.712
26,Z026E0102,15.71,1.712
26,Z026E0107,14.71,1.712
26,Z026E0112,15.38,1.712
26,Z026E0113,14.38,1.712
26,Z026E0121,14.38,1.712
26,Z026E0123,10.38,1.712
26,Z026E0129,13.71,1.712
26,Z026E0131,14.71,1.712
26,Z026E0137,12.71,1.712
26,Z026E0143,14.38,1.712
26,Z026E0151,14.71,1.712
26,Z026E0152,10.71,1.712
26,Z026E0163,11.71,1.712
26,Z026E0171,17.38,1.712
26,Z026E0172,13.38,1.712
26,Z026E0177,13.38,1.712
26,Z026E0184,19.38,1.712
26,Z026E0198,13.38,1.712
